cal,VENDER,SIZE,DENSITY,scan,inserts,ground_truth_mass_large,calculated_mass_large,ground_truth_mass_medium,calculated_mass_medium,ground_truth_mass_small,calculated_mass_small,mass_bkg
1pt,80,small,low,80,Low Density,4.415625,4.237587787950765,1.589625,1.696553338124665,0.176625,-0.03556830681511269,0.3013835499689501
1pt,80,small,low,80,Medium Density,8.83125,8.673530641282175,3.17925,3.1482945786754764,0.35325,0.7736759507216866,0.3013835499689501
1pt,80,small,low,80,High Density,17.6625,16.701821803316747,6.3585,5.823755327374143,0.7065,0.031432104134333866,0.3013835499689501
1pt,80,small,normal,80,Low Density,35.325,36.54255523263667,12.717,13.367700951892836,1.413,1.8539339516900606,-0.2808582876634451
1pt,80,small,normal,80,Medium Density,70.65,67.41853556351582,25.434,25.38699726101138,2.826,2.6361430698680084,-0.2808582876634451
1pt,80,small,normal,80,High Density,141.3,132.7911476420854,50.868,47.59344499058327,5.652,5.513547001380452,-0.2808582876634451
1pt,80,medium,low,80,Low Density,4.415625,5.6272486991167385,1.589625,2.703870228265266,0.176625,-0.035825361353745644,0.3644460321077163
1pt,80,medium,low,80,Medium Density,8.83125,9.695632936157905,3.17925,3.0580086254903645,0.35325,0.762058940480606,0.3644460321077163
1pt,80,medium,low,80,High Density,17.6625,16.856069643627006,6.3585,6.256190770977746,0.7065,0.9727602001125851,0.3644460321077163
1pt,80,medium,normal,80,Low Density,35.325,34.737610439079035,12.717,12.507653213727878,1.413,2.031542436353044,-0.37117801724366617
1pt,80,medium,normal,80,Medium Density,70.65,65.51603446965538,25.434,24.241193411190462,2.826,2.6919101855953778,-0.37117801724366617
1pt,80,medium,normal,80,High Density,141.3,129.92916731799025,50.868,47.64525146004368,5.652,4.819784875342883,-0.37117801724366617
1pt,80,large,low,80,Low Density,4.415625,6.726770496851891,1.589625,0.9684777446640891,0.176625,-0.03292825620047604,0.6469890258872382
1pt,80,large,low,80,Medium Density,8.83125,9.312135896797228,3.17925,2.601391920905881,0.35325,0.4038831733966746,0.6469890258872382
1pt,80,large,low,80,High Density,17.6625,17.145733611489693,6.3585,4.694505866231647,0.7065,0.12511914872472882,0.6469890258872382
1pt,80,large,normal,80,Low Density,35.325,33.26353856746456,12.717,12.13043455908457,1.413,1.6321339888439461,0.8284726140384685
1pt,80,large,normal,80,Medium Density,70.65,64.65225990004659,25.434,23.888159317793267,2.826,3.303221487332644,0.8284726140384685
1pt,80,large,normal,80,High Density,141.3,126.83397344373144,50.868,45.299978958526744,5.652,5.403024493443344,0.8284726140384685
1pt,100,small,low,100,Low Density,4.415625,2.378411935672666,1.589625,2.0820184439444076,0.176625,0.392108631071745,-0.2592250759229073
1pt,100,small,low,100,Medium Density,8.83125,8.979249721748515,3.17925,3.1626623255799085,0.35325,0.3772004833400058,-0.2592250759229073
1pt,100,small,low,100,High Density,17.6625,16.634733729208605,6.3585,5.779210057322094,0.7065,0.8874451343911224,-0.2592250759229073
1pt,100,small,normal,100,Low Density,35.325,35.97278177254244,12.717,12.753011748012229,1.413,2.023587462668168,-0.17021881045476306
1pt,100,small,normal,100,Medium Density,70.65,67.21572704624819,25.434,24.05595322943479,2.826,3.2161452955074594,-0.17021881045476306
1pt,100,small,normal,100,High Density,141.3,131.95139721001698,50.868,47.75167762158924,5.652,5.223260750933928,-0.17021881045476306
1pt,100,medium,low,100,Low Density,4.415625,5.016715253149753,1.589625,1.2437026770339092,0.176625,0.6767990966789669,0.32569954779732185
1pt,100,medium,low,100,Medium Density,8.83125,8.591114640101067,3.17925,2.6737868999157883,0.35325,0.43397315702479333,0.32569954779732185
1pt,100,medium,low,100,High Density,17.6625,15.90970219646643,6.3585,6.068359419659608,0.7065,0.43952472971276324,0.32569954779732185
1pt,100,medium,normal,100,Low Density,35.325,35.48104171867313,12.717,12.060637273253619,1.413,1.179805902611626,-0.019233742407306888
1pt,100,medium,normal,100,Medium Density,70.65,64.3687451945459,25.434,22.646861544134754,2.826,2.738304947823106,-0.019233742407306888
1pt,100,medium,normal,100,High Density,141.3,127.74229195168544,50.868,46.66565988212488,5.652,4.715839209876543,-0.019233742407306888
1pt,100,large,low,100,Low Density,4.415625,3.1078025017612525,1.589625,1.800965389788209,0.176625,-0.1026702290024742,-0.4499875073374427
1pt,100,large,low,100,Medium Density,8.83125,8.04266090369473,3.17925,2.5129429103209664,0.35325,-0.013156034060228453,-0.4499875073374427
1pt,100,large,low,100,High Density,17.6625,15.911474138860104,6.3585,5.897673749383348,0.7065,0.47174923894643395,-0.4499875073374427
1pt,100,large,normal,100,Low Density,35.325,34.33750820814449,12.717,11.430924293418222,1.413,1.4766518277128549,-0.890274579818473
1pt,100,large,normal,100,Medium Density,70.65,64.61974710016294,25.434,23.613548423072718,2.826,2.802129501221955,-0.890274579818473
1pt,100,large,normal,100,High Density,141.3,125.85325557611111,50.868,44.972672658186745,5.652,5.3714717790460185,-0.890274579818473
1pt,120,small,low,120,Low Density,4.415625,3.942461667502339,1.589625,0.8485139767862887,0.176625,0.027520580228829333,-0.35419521605798726
1pt,120,small,low,120,Medium Density,8.83125,7.381804073257975,3.17925,2.2815446112914333,0.35325,0.45685428357701474,-0.35419521605798726
1pt,120,small,low,120,High Density,17.6625,15.638842145320039,6.3585,6.660130728658493,0.7065,0.40707874004094613,-0.35419521605798726
1pt,120,small,normal,120,Low Density,35.325,36.15729412370929,12.717,13.208929517171061,1.413,1.7118100556655351,-0.32946953751322117
1pt,120,small,normal,120,Medium Density,70.65,67.8131650677577,25.434,24.471336689375335,2.826,2.921271230769231,-0.32946953751322117
1pt,120,small,normal,120,High Density,141.3,131.29214431981006,50.868,46.82096109048774,5.652,5.140143509616834,-0.32946953751322117
1pt,120,medium,low,120,Low Density,4.415625,4.106426290460115,1.589625,1.8194166267062315,0.176625,0.14679333192299554,0.05166740323330831
1pt,120,medium,low,120,Medium Density,8.83125,9.13875575809954,3.17925,2.0548485768026197,0.35325,0.2951721777732937,0.05166740323330831
1pt,120,medium,low,120,High Density,17.6625,15.569320830725761,6.3585,6.0099543998985325,0.7065,0.7487450696709161,0.05166740323330831
1pt,120,medium,normal,120,Low Density,35.325,34.67685709107277,12.717,12.54487455638879,1.413,1.2899041439897152,-0.06658302972825096
1pt,120,medium,normal,120,Medium Density,70.65,64.91100871952663,25.434,23.769817373471184,2.826,2.8129699622300124,-0.06658302972825096
1pt,120,medium,normal,120,High Density,141.3,127.08639250372073,50.868,46.37162372347004,5.652,5.073402325594266,-0.06658302972825096
1pt,120,large,low,120,Low Density,4.415625,3.4145358282752394,1.589625,1.9351046710952513,0.176625,0.6171426546349467,-0.38444943797203107
1pt,120,large,low,120,Medium Density,8.83125,8.205675335593222,3.17925,3.798403630837121,0.35325,-0.0717350926040705,-0.38444943797203107
1pt,120,large,low,120,High Density,17.6625,15.681799008769179,6.3585,5.445996066275537,0.7065,0.815552361085218,-0.38444943797203107
1pt,120,large,normal,120,Low Density,35.325,33.87504037574114,12.717,12.314264289666491,1.413,1.4967435249406176,-0.04905565177314057
1pt,120,large,normal,120,Medium Density,70.65,64.95512513296917,25.434,23.576933900685294,2.826,3.537987010673343,-0.04905565177314057
1pt,120,large,normal,120,High Density,141.3,124.66922259166296,50.868,45.36686805217275,5.652,5.6656775351939395,-0.04905565177314057
1pt,135,small,low,135,Low Density,4.415625,5.620975645925137,1.589625,0.9376500732394363,0.176625,0.05650795748123762,-0.15429756191207528
1pt,135,small,low,135,Medium Density,8.83125,9.092477868152072,3.17925,3.235206241639368,0.35325,0.8053714051455887,-0.15429756191207528
1pt,135,small,low,135,High Density,17.6625,15.009883410090687,6.3585,5.49222943049663,0.7065,1.1395423248911447,-0.15429756191207528
1pt,135,small,normal,135,Low Density,35.325,34.960834185365854,12.717,13.415980200966752,1.413,1.738837329165853,-0.5530383928752877
1pt,135,small,normal,135,Medium Density,70.65,67.81387343442096,25.434,24.55030837109281,2.826,3.2380474989757406,-0.5530383928752877
1pt,135,small,normal,135,High Density,141.3,131.75587234346273,50.868,47.86845296520298,5.652,5.304721415542122,-0.5530383928752877
1pt,135,medium,low,135,Low Density,4.415625,5.009504238341359,1.589625,1.001980142044088,0.176625,0.1885111257315619,0.34764432427771885
1pt,135,medium,low,135,Medium Density,8.83125,9.00933294658408,3.17925,2.7863547737512238,0.35325,0.2777603355984804,0.34764432427771885
1pt,135,medium,low,135,High Density,17.6625,16.919175615729067,6.3585,5.923638675003401,0.7065,0.3522683971004784,0.34764432427771885
1pt,135,medium,normal,135,Low Density,35.325,34.29908006280256,12.717,12.86203242791327,1.413,0.9088485908662497,-0.34171277105259223
1pt,135,medium,normal,135,Medium Density,70.65,64.96722356951487,25.434,23.942715052173302,2.826,2.5186873039168,-0.34171277105259223
1pt,135,medium,normal,135,High Density,141.3,125.9478064469442,50.868,45.43946008310897,5.652,4.402086187580035,-0.34171277105259223
1pt,135,large,low,135,Low Density,4.415625,4.20754816312043,1.589625,1.7090006826531117,0.176625,0.37678118454153076,-0.004499631848723114
1pt,135,large,low,135,Medium Density,8.83125,8.66682115752336,3.17925,3.311652245732271,0.35325,0.6347637563516532,-0.004499631848723114
1pt,135,large,low,135,High Density,17.6625,15.574397436055472,6.3585,5.477051869585573,0.7065,1.199414290423872,-0.004499631848723114
1pt,135,large,normal,135,Low Density,35.325,33.89873247543731,12.717,12.842942200329682,1.413,1.572705528271138,-0.6024095112668398
1pt,135,large,normal,135,Medium Density,70.65,65.21699324302907,25.434,23.0149476571857,2.826,3.358855009126467,-0.6024095112668398
1pt,135,large,normal,135,High Density,141.3,123.06918759275754,50.868,44.26899639176463,5.652,5.316560326276786,-0.6024095112668398
3pt,80,small,low,80,Low Density,4.415625,4.460976345554889,1.589625,1.7850073086685965,0.176625,-0.037384016727190786,0.31667014316982184
3pt,80,small,low,80,Medium Density,8.83125,9.385588254592406,3.17925,3.403077851666059,0.35325,0.8360207342737301,0.31667014316982184
3pt,80,small,low,80,High Density,17.6625,18.301649519154676,6.3585,6.381001145109374,0.7065,0.03444275521750184,0.31667014316982184
3pt,80,small,normal,80,Low Density,35.325,38.45497847144092,12.717,14.078632868063076,1.413,1.9469848032131911,-0.2954199798922182
3pt,80,small,normal,80,Medium Density,70.65,72.92548774784154,25.434,27.440968721230487,2.826,2.850585107568019,-0.2954199798922182
3pt,80,small,normal,80,High Density,141.3,145.46408528311468,50.868,52.15023130046305,5.652,6.040575988788419,-0.2954199798922182
3pt,80,medium,low,80,Low Density,4.415625,5.918493724030283,1.589625,2.8438540645505026,0.176625,-0.03771848278157565,0.38308008078856737
3pt,80,medium,low,80,Medium Density,8.83125,10.485521956322183,3.17925,3.3071076328530307,0.35325,0.8235890530750976,0.38308008078856737
3pt,80,medium,low,80,High Density,17.6625,18.473997460528928,6.3585,6.855516175704526,0.7065,1.0655961650684143,0.38308008078856737
3pt,80,medium,normal,80,Low Density,35.325,36.58356809512198,12.717,13.161761654385632,1.413,2.1396187204409465,-0.39064640601795025
3pt,80,medium,normal,80,Medium Density,70.65,70.8734875673479,25.434,26.229792690549267,2.826,2.9108654349972403,-0.39064640601795025
3pt,80,medium,normal,80,High Density,141.3,142.3778842286881,50.868,52.20652896935973,5.652,5.2825444225234435,-0.39064640601795025
3pt,80,large,low,80,Low Density,4.415625,7.072254490165145,1.589625,1.020090962167375,0.176625,-0.03466243491899642,0.6801484075381176
3pt,80,large,low,80,Medium Density,8.83125,10.067966340163617,3.17925,2.815601741099731,0.35325,0.43676489572234,0.6801484075381176
3pt,80,large,low,80,High Density,17.6625,18.77968757192628,6.3585,5.147000539722081,0.7065,0.13714601987492464,0.6801484075381176
3pt,80,large,normal,80,Low Density,35.325,35.006329680673666,12.717,12.763598412020006,1.413,1.716185503726171,0.8692985970280257
3pt,80,large,normal,80,Medium Density,70.65,69.93147960407228,25.434,25.82721374761299,2.826,3.5685097857624037,0.8692985970280257
3pt,80,large,normal,80,High Density,141.3,139.01467075753933,50.868,49.63446126910364,5.652,5.915679790272358,0.8692985970280257
3pt,100,small,low,100,Low Density,4.415625,2.514670500579003,1.589625,2.1960562977885894,0.176625,0.4135697112305903,-0.2734914357728541
3pt,100,small,low,100,Medium Density,8.83125,9.769840367065642,3.17925,3.4410023055846626,0.35325,0.4104650590452682,-0.2734914357728541
3pt,100,small,low,100,High Density,17.6625,18.36175045392929,6.3585,6.381928388419592,0.7065,0.9792916199253903,-0.2734914357728541
3pt,100,small,normal,100,Low Density,35.325,37.97109573031959,12.717,13.471335830515017,1.413,2.134772770048163,-0.179571603555435
3pt,100,small,normal,100,Medium Density,70.65,73.19297547533968,25.434,26.184454817566372,2.826,3.5013595488367812,-0.179571603555435
3pt,100,small,normal,100,High Density,141.3,145.64659629105265,50.868,52.7115154414131,5.652,5.76526643771323,-0.179571603555435
3pt,100,medium,low,100,Low Density,4.415625,5.2922518366900295,1.589625,1.3118921054802373,0.176625,0.712921838450876,0.3435328995820659
3pt,100,medium,low,100,Medium Density,8.83125,9.350205730575281,3.17925,2.910010771226956,0.35325,0.47239024957855325,0.3435328995820659
3pt,100,medium,low,100,High Density,17.6625,17.571455680556607,6.3585,6.6966616439705025,0.7065,0.48517322725403456,0.3435328995820659
3pt,100,medium,normal,100,Low Density,35.325,37.42689754556158,12.717,12.73120780381987,1.413,1.2456801781737195,-0.02029133733232026
3pt,100,medium,normal,100,Medium Density,70.65,70.01983644163397,25.434,24.671570768414,2.826,2.97953550313097,-0.02029133733232026
3pt,100,medium,normal,100,High Density,141.3,141.07733745395367,50.868,51.502383570065696,5.652,5.207444914005383,-0.02029133733232026
3pt,100,large,low,100,Low Density,4.415625,3.2872726954546696,1.589625,1.9023289635343534,0.176625,-0.10841997470507754,-0.4757181228841536
3pt,100,large,low,100,Medium Density,8.83125,8.758588640920605,3.17925,2.738605507293496,0.35325,-0.014327245606114179,-0.4757181228841536
3pt,100,large,low,100,High Density,17.6625,17.572980415855117,6.3585,6.513583801368478,0.7065,0.5212969416861045,-0.4757181228841536
3pt,100,large,normal,100,Low Density,35.325,36.27751590674327,12.717,12.083505755818543,1.413,1.5614993726529467,-0.9415512193385901
3pt,100,large,normal,100,Medium Density,70.65,70.34890449759838,25.434,25.718732390665593,2.826,3.053284392569228,-0.9415512193385901
3pt,100,large,normal,100,High Density,141.3,139.02120736399297,50.868,49.673196821512306,5.652,5.931918089533836,-0.9415512193385901
3pt,120,small,low,120,Low Density,4.415625,4.169015126307079,1.589625,0.8963673077581152,0.176625,0.02908116499855497,-0.3744070793327443
3pt,120,small,low,120,Medium Density,8.83125,8.058551343854099,3.17925,2.488847354968634,0.35325,0.4980328627318139,-0.3744070793327443
3pt,120,small,low,120,High Density,17.6625,17.31112282326788,6.3585,7.366658169238896,0.7065,0.4505004872113551,-0.3744070793327443
3pt,120,small,normal,120,Low Density,35.325,38.15989351995182,12.717,13.960655708925763,1.413,1.8082079955785382,-0.3478713804068851
3pt,120,small,normal,120,Medium Density,70.65,73.91282098662718,25.434,26.69973056647804,2.826,3.1829098997590517,-0.3478713804068851
3pt,120,small,normal,120,High Density,141.3,145.29666841231423,50.868,51.81721601698764,5.652,5.687165757354177,-0.3478713804068851
3pt,120,medium,low,120,Low Density,4.415625,4.339576698246184,1.589625,1.9230061224645922,0.176625,0.1551342747853262,0.05457176004560474
3pt,120,medium,low,120,Medium Density,8.83125,9.958272925178271,3.17925,2.2422342816501084,0.35325,0.32181960404766025,0.05457176004560474
3pt,120,medium,low,120,High Density,17.6625,17.229021084671622,6.3585,6.649526371293598,0.7065,0.828753199105174,0.05457176004560474
3pt,120,medium,normal,120,Low Density,35.325,36.67470013808862,12.717,13.245123211156283,1.413,1.3641943267743848,-0.07030753471172561
3pt,120,medium,normal,120,Medium Density,70.65,70.79746374997913,25.434,25.89796567150688,2.826,3.0658921212169807,-0.07030753471172561
3pt,120,medium,normal,120,High Density,141.3,140.73357301088873,50.868,51.326639274112544,5.652,5.612899444767241,-0.07030753471172561
3pt,120,large,low,120,Low Density,4.415625,3.6142186614343568,1.589625,2.043737111650725,0.176625,0.6516476144521578,-0.40680239362969267
3pt,120,large,low,120,Medium Density,8.83125,8.946423004976431,3.17925,4.141212927763382,0.35325,-0.07823215616471392,-0.40680239362969267
3pt,120,large,low,120,High Density,17.6625,17.35817136795246,6.3585,6.024411316338746,0.7065,0.9020136038320383,-0.40680239362969267
3pt,120,large,normal,120,Low Density,35.325,35.89520871038447,12.717,13.045820203351543,1.413,1.5857968151736062,-0.051840139460994694
3pt,120,large,normal,120,Medium Density,70.65,70.8064037929036,25.434,25.694280656012893,2.826,3.8556733395286944,-0.051840139460994694
3pt,120,large,normal,120,High Density,141.3,138.0584449468162,50.868,50.216777400340675,5.652,6.27006823695114,-0.051840139460994694
3pt,135,small,low,135,Low Density,4.415625,5.94274572547486,1.589625,0.9918890985962685,0.176625,0.059771008596536584,-0.16304738102303498
3pt,135,small,low,135,Medium Density,8.83125,9.923759184617545,3.17925,3.5313230620572513,0.35325,0.8788744140998453,-0.16304738102303498
3pt,135,small,low,135,High Density,17.6625,16.640681261398495,6.3585,6.085283148736439,0.7065,1.2617284855992812,-0.16304738102303498
3pt,135,small,normal,135,Low Density,35.325,37.030274215557405,12.717,14.19071434499287,1.413,1.8392761033568021,-0.5847937319707196
3pt,135,small,normal,135,Medium Density,70.65,74.05169111908815,25.434,26.78677974492254,2.826,3.5319255561819496,-0.5847937319707196
3pt,135,small,normal,135,High Density,141.3,145.9526043931082,50.868,53.03637455903998,5.652,5.874886655088889,-0.5847937319707196
3pt,135,medium,low,135,Low Density,4.415625,5.30069858244366,1.589625,1.0614415434576814,0.176625,0.1993296530795113,0.3674969761719469
3pt,135,medium,low,135,Medium Density,8.83125,9.829232740707006,3.17925,3.0424209718344537,0.35325,0.3033937593157601,0.3674969761719469
3pt,135,medium,low,135,High Density,17.6625,18.74171863539495,6.3585,6.562803100577407,0.7065,0.3904491106073235,0.3674969761719469
3pt,135,medium,normal,135,Low Density,35.325,36.30860448971524,12.717,13.596208504636156,1.413,0.9626477806268445,-0.3613726710879179
3pt,135,medium,normal,135,Medium Density,70.65,70.90430619748271,25.434,26.133957587277326,2.826,2.7501380045469612,-0.3613726710879179
3pt,135,medium,normal,135,High Density,141.3,139.59712200334837,50.868,50.3264488878219,5.652,4.876225310737929,-0.3613726710879179
3pt,135,large,low,135,Low Density,4.415625,4.450158567587171,1.589625,1.8078027992567067,0.176625,0.3990258225887763,-0.004759622369912182
3pt,135,large,low,135,Medium Density,8.83125,9.462674419806909,3.17925,3.6134878096908682,0.35325,0.6929187789574811,-0.004759622369912182
3pt,135,large,low,135,High Density,17.6625,17.253806888895788,6.3585,6.067436101854641,0.7065,1.3287534795063511,-0.004759622369912182
3pt,135,large,normal,135,Low Density,35.325,35.863592714608764,12.717,13.57907249266636,1.413,1.6625667186097002,-0.6373921837673322
3pt,135,large,normal,135,Medium Density,70.65,71.16109802050427,25.434,25.140849276386913,2.826,3.6669848073055515,-0.6373921837673322
3pt,135,large,normal,135,High Density,141.3,136.4056980266702,50.868,49.04871781589145,5.652,5.890222894554372,-0.6373921837673322
6pt,80,small,low,80,Low Density,4.415625,4.388277634350987,1.589625,1.7562318624926125,0.176625,-0.03679375077231359,0.311701695399943
6pt,80,small,low,80,Medium Density,8.83125,9.309928541095898,3.17925,3.376031964714487,0.35325,0.8294045655257727,0.311701695399943
6pt,80,small,low,80,High Density,17.6625,18.229587212195195,6.3585,6.3559029258783895,0.7065,0.034307144659995806,0.311701695399943
6pt,80,small,normal,80,Low Density,35.325,37.83275911775807,12.717,13.847200724606262,1.413,1.9167517257611664,-0.29068371798418563
6pt,80,small,normal,80,Medium Density,70.65,72.34054562268442,25.434,27.222938249535016,2.826,2.827813648298271,-0.29068371798418563
6pt,80,small,normal,80,High Density,141.3,144.89342348113232,50.868,51.94498416938819,5.652,6.016840734252625,-0.29068371798418563
6pt,80,medium,low,80,Low Density,4.415625,5.823770374110545,1.589625,2.7983258384109853,0.176625,-0.037102342473685455,0.3770220544806451
6pt,80,medium,low,80,Medium Density,8.83125,10.401635725781375,3.17925,3.2806535452441112,0.35325,0.8170584781621116,0.3770220544806451
6pt,80,medium,low,80,High Density,17.6625,18.40110732808962,6.3585,6.828520061932884,0.7065,1.0614157639821338,0.3770220544806451
6pt,80,medium,normal,80,Low Density,35.325,35.98266353225754,12.717,12.948948328266338,1.413,2.104435903548382,-0.38431176738478134
6pt,80,medium,normal,80,Medium Density,70.65,70.30438269750351,25.434,26.018504733929117,2.826,2.8876148868679055,-0.38431176738478134
6pt,80,medium,normal,80,High Density,141.3,141.8171351100784,50.868,52.001081307685155,5.652,5.261695892820754,-0.38431176738478134
6pt,80,large,low,80,Low Density,4.415625,6.959919274784048,1.589625,1.0032879445886984,0.176625,-0.03409808878120572,0.6693672750031502
6pt,80,large,low,80,Medium Density,8.83125,9.987717190472509,3.17925,2.792836189340232,0.35325,0.43327301367496895,0.6693672750031502
6pt,80,large,low,80,High Density,17.6625,18.706119495000923,6.3585,5.126607797245227,0.7065,0.1366041254928102,0.6693672750031502
6pt,80,large,normal,80,Low Density,35.325,34.43927968888005,12.717,12.557612634104201,1.413,1.688853460173784,0.8560416419553569
6pt,80,large,normal,80,Medium Density,70.65,69.37073967917695,25.434,25.621336562224293,2.826,3.540363095632988,0.8560416419553569
6pt,80,large,normal,80,High Density,141.3,138.46588693438505,50.868,49.4392373829775,5.652,5.8926060565523475,0.8560416419553569
6pt,100,small,low,100,Low Density,4.415625,2.4697488426522236,1.589625,2.1585203946048424,0.176625,0.40650591288691845,-0.2687948383059853
6pt,100,small,low,100,Medium Density,8.83125,9.686380257982947,3.17925,3.411619774649844,0.35325,0.4069530159875764,-0.2687948383059853
6pt,100,small,low,100,High Density,17.6625,18.284630505429593,6.3585,6.35500302743727,0.7065,0.9751913662143858,-0.2687948383059853
6pt,100,small,normal,100,Low Density,35.325,37.313019291009574,12.717,13.234663856456699,1.413,2.0981717899110905,-0.1764927648791974
6pt,100,small,normal,100,Medium Density,70.65,72.56152020648192,25.434,25.959675432572922,2.826,3.471234667038506,-0.1764927648791974
6pt,100,small,normal,100,High Density,141.3,145.03505302676848,50.868,52.490024753489244,5.652,5.741064262704562,-0.1764927648791974
6pt,100,medium,low,100,Low Density,4.415625,5.201549432487152,1.589625,1.2894465642846011,0.176625,0.7010425194040361,0.33766306808636926
6pt,100,medium,low,100,Medium Density,8.83125,9.270050422308165,3.17925,2.8850671940330623,0.35325,0.4683330882140096,0.33766306808636926
6pt,100,medium,low,100,High Density,17.6625,17.49720965752214,6.3585,6.668611662299464,0.7065,0.4831347246163278,0.33766306808636926
6pt,100,medium,normal,100,Low Density,35.325,36.78638497227245,12.717,12.510371402480615,1.413,1.2239828198905192,-0.019943179466801932
6pt,100,medium,normal,100,Medium Density,70.65,69.42339346663452,25.434,24.45759030938325,2.826,2.9540685559338935,-0.019943179466801932
6pt,100,medium,normal,100,High Density,141.3,140.48156695642533,50.868,51.286432079654446,5.652,5.185484167977634,-0.019943179466801932
6pt,100,large,low,100,Low Density,4.415625,3.2280878502989596,1.589625,1.8689328071769833,0.176625,-0.10652594942610555,-0.4672358521568725
6pt,100,large,low,100,Medium Density,8.83125,8.682950202660825,3.17925,2.7147486954619517,0.35325,-0.014203505153125183,-0.4672358521568725
6pt,100,large,low,100,High Density,17.6625,17.49874718237123,6.3585,6.486065745581468,0.7065,0.5190820719086359,-0.4672358521568725
6pt,100,large,normal,100,Low Density,35.325,35.638256138703106,12.717,11.868390377793766,1.413,1.5335238658235637,-0.9246430746915518
6pt,100,large,normal,100,Medium Density,70.65,69.74379096935589,25.434,25.496293021656598,2.826,3.026736268929173,-0.9246430746915518
6pt,100,large,normal,100,High Density,141.3,138.43278039723873,50.868,49.46316777021519,5.652,5.906880141877837,-0.9246430746915518
6pt,120,small,low,120,Low Density,4.415625,4.090304147853418,1.589625,0.8797526932562602,0.176625,0.028539228381600435,-0.3673866523717644
6pt,120,small,low,120,Medium Density,8.83125,7.983414244096119,3.17925,2.465846504839838,0.35325,0.4934666803500684,-0.3673866523717644
6pt,120,small,low,120,High Density,17.6625,17.233270163580077,6.3585,7.333789968557571,0.7065,0.44847945791103805,-0.3673866523717644
6pt,120,small,normal,120,Low Density,35.325,37.46502807962525,12.717,13.699574491811294,1.413,1.7747404760973866,-0.34148443135585105
6pt,120,small,normal,120,Medium Density,70.65,73.23654967858839,25.434,26.452443262424055,2.826,3.1539110180849095,-0.34148443135585105
6pt,120,small,normal,120,High Density,141.3,144.64483932182284,50.868,51.584660832210375,5.652,5.661710436177948,-0.34148443135585105
6pt,120,medium,low,120,Low Density,4.415625,4.2586081560373445,1.589625,1.8870280081746147,0.176625,0.15223755091829017,0.0535634858353261
6pt,120,medium,low,120,Medium Density,8.83125,9.8674329652845,3.17925,2.2214376725139147,0.35325,0.31886439881582074,0.0535634858353261
6pt,120,medium,low,120,High Density,17.6625,17.151776103267917,6.3585,6.619764381755624,0.7065,0.8250286786125106,0.0535634858353261
6pt,120,medium,normal,120,Low Density,35.325,35.98053037959251,12.717,13.002084509904481,1.413,1.3383818010129354,-0.06901475815454415
6pt,120,medium,normal,120,Medium Density,70.65,70.14443774679728,25.434,25.662097167629568,2.826,3.037851342661275,-0.06901475815454415
6pt,120,medium,normal,120,High Density,141.3,140.09798316700162,50.868,51.09597486466299,5.652,5.58779610186464,-0.06901475815454415
6pt,120,large,low,120,Low Density,4.415625,3.544799835588448,1.589625,2.0060261032048707,0.176625,0.6396711341155565,-0.3990331069484636
6pt,120,large,low,120,Medium Density,8.83125,8.86427426377346,3.17925,4.10319613112068,0.35325,-0.07751145848282828,-0.3990331069484636
6pt,120,large,low,120,High Density,17.6625,17.280130371749305,6.3585,5.997500067335742,0.7065,0.8979915944673383,-0.3990331069484636
6pt,120,large,normal,120,Low Density,35.325,35.19240638007664,12.717,12.791352877344085,1.413,1.554818431581077,-0.050873150805911385
6pt,120,large,normal,120,Medium Density,70.65,70.15759931078105,25.434,25.459556781762984,2.826,3.8204557819285037,-0.050873150805911385
6pt,120,large,normal,120,High Density,141.3,137.4348620498944,50.868,49.99099619058873,5.652,6.241937151186275,-0.050873150805911385
6pt,135,small,low,135,Low Density,4.415625,5.834167138623643,1.589625,0.9735797049835724,0.176625,0.05866957436742071,-0.16009582266038383
6pt,135,small,low,135,Medium Density,8.83125,9.835175371425,3.17925,3.4997652765929086,0.35325,0.871042735238304,-0.16009582266038383
6pt,135,small,low,135,High Density,17.6625,16.569511523548545,6.3585,6.059416568155228,0.7065,1.2564027050140867,-0.16009582266038383
6pt,135,small,normal,135,Low Density,35.325,36.33110700282048,12.717,13.929204545433686,1.413,1.8053729002143648,-0.5740769850929016
6pt,135,small,normal,135,Medium Density,70.65,73.38666640970239,25.434,26.548518623828944,2.826,3.500626144614893,-0.5740769850929016
6pt,135,small,normal,135,High Density,141.3,145.3335239881476,50.868,52.810974743394425,5.652,5.8500290646446285,-0.5740769850929016
6pt,135,medium,low,135,Low Density,4.415625,5.202383107435638,1.589625,1.0413504170779269,0.176625,0.1956787014259903,0.36079844768691927
6pt,135,medium,low,135,Medium Density,8.83125,9.741891785484869,3.17925,3.0151231875503033,0.35325,0.30066026035425997,0.36079844768691927
6pt,135,medium,low,135,High Density,17.6625,18.662244590733085,6.3585,6.534927281096508,0.7065,0.3887832420053056,0.36079844768691927
6pt,135,medium,normal,135,Low Density,35.325,35.629936707828,12.717,13.348492417273263,1.413,0.9444715246781122,-0.3547374034992817
6pt,135,medium,normal,135,Medium Density,70.65,70.27165336957695,25.434,25.90043408715613,2.826,2.7254644756481214,-0.3547374034992817
6pt,135,medium,normal,135,High Density,141.3,139.00159303364157,50.868,50.11337771004188,5.652,4.855550166622322,-0.3547374034992817
6pt,135,large,low,135,Low Density,4.415625,4.368270390621734,1.589625,1.7744509910072512,0.176625,0.3915111233093278,-0.004671861314242386
6pt,135,large,low,135,Medium Density,8.83125,9.377837989268087,3.17925,3.5813307294788794,0.35325,0.6867206344080923,-0.004671861314242386
6pt,135,large,low,135,High Density,17.6625,17.180567335014448,6.3585,6.041690135776609,0.7065,1.3231129395439372,-0.004671861314242386
6pt,135,large,normal,135,Low Density,35.325,35.20026895942842,12.717,13.330660143314686,1.413,1.63224584641027,-0.6255814630629702
6pt,135,large,normal,135,Medium Density,70.65,70.52782256544904,25.434,24.9141315796741,2.826,3.634141208650491,-0.6255814630629702
6pt,135,large,normal,135,High Density,141.3,135.82382038996352,50.868,48.84024779171673,5.652,5.865203792277638,-0.6255814630629702
specific,80,small,low,80,Low Density,4.415625,3.8877791537467328,1.589625,1.5578458960851773,0.176625,-0.03271344725998013,0.2773290217084084
specific,80,small,low,80,Medium Density,8.83125,8.114473158213938,3.17925,2.947870485524045,0.35325,0.7246047430996476,0.2773290217084084
specific,80,small,low,80,High Density,17.6625,15.777981795954823,6.3585,5.501919380338111,0.7065,0.02969355461947633,0.2773290217084084
specific,80,small,normal,80,Low Density,35.325,37.03776580242463,12.717,13.551682569406069,1.413,1.8780653323636152,-0.2846302444966461
specific,80,small,normal,80,Medium Density,70.65,70.00036251634157,25.434,26.35032903872787,2.826,2.736696629365502,-0.2846302444966461
specific,80,small,normal,80,High Density,141.3,139.43977157849508,50.868,49.98375882388223,5.652,5.79002473341767,-0.2846302444966461
specific,80,medium,low,80,Low Density,4.415625,5.144460157349773,1.589625,2.47183208956442,0.176625,-0.03269578305619921,0.33350793169813714
specific,80,medium,low,80,Medium Density,8.83125,9.07324276472819,3.17925,2.86172852507277,0.35325,0.7135182026903785,0.33350793169813714
specific,80,medium,low,80,High Density,17.6625,15.956939839709836,6.3585,5.9230393506627435,0.7065,0.9211282833012266,0.33350793169813714
specific,80,medium,normal,80,Low Density,35.325,37.628364207439795,12.717,13.531517317553378,1.413,2.200794340659563,-0.40165404878232486
specific,80,medium,normal,80,Medium Density,70.65,71.11385348303487,25.434,26.319035069789546,2.826,2.9206848902715565,-0.40165404878232486
specific,80,medium,normal,80,High Density,141.3,141.1916326050135,50.868,51.77190771128295,5.652,5.23844025268766,-0.40165404878232486
specific,80,large,low,80,Low Density,4.415625,6.213767489562306,1.589625,0.8921868491600073,0.176625,-0.03036112804283484,0.59773871407366
specific,80,large,low,80,Medium Density,8.83125,8.824576540026062,3.17925,2.4634600368192427,0.35325,0.3826803363900806,0.59773871407366
specific,80,large,low,80,High Density,17.6625,16.458208565585913,6.3585,4.504376814770874,0.7065,0.12006396838783634,0.59773871407366
specific,80,large,normal,80,Low Density,35.325,35.90060031224885,12.717,13.088398878616193,1.413,1.7592589757438941,0.890153774973541
specific,80,large,normal,80,Medium Density,70.65,71.01313704013937,25.434,26.22429199926559,2.826,3.6227832782888245,0.890153774973541
specific,80,large,normal,80,High Density,141.3,140.48623909426223,50.868,50.15792779592226,5.652,5.977541397671684,0.890153774973541
specific,100,small,low,100,Low Density,4.415625,2.08397428127942,1.589625,1.8337286302245914,0.176625,0.3453766591403204,-0.22818801778014608
specific,100,small,low,100,Medium Density,8.83125,8.044911756104346,3.17925,2.8336885688804596,0.35325,0.3378988162159395,-0.22818801778014608
specific,100,small,low,100,High Density,17.6625,15.036947362154397,6.3585,5.222049890706647,0.7065,0.8024232762920935,-0.22818801778014608
specific,100,small,normal,100,Low Density,35.325,37.67480643811313,12.717,13.364763570583122,1.413,2.1182954272197874,-0.17818554532989814
specific,100,small,normal,100,Medium Density,70.65,71.40366132362281,25.434,25.54746150825199,2.826,3.415992899936862,-0.17818554532989814
specific,100,small,normal,100,High Density,141.3,140.9882968841586,50.868,51.02439275706327,5.652,5.580910482586798,-0.17818554532989814
specific,100,medium,low,100,Low Density,4.415625,4.688006742807596,1.589625,1.162338102124149,0.176625,0.6335661620747086,0.30441728032972204
specific,100,medium,low,100,Medium Density,8.83125,8.148754076127316,3.17925,2.536125437006696,0.35325,0.4115910017196102,0.30441728032972204
specific,100,medium,low,100,High Density,17.6625,15.202397048760595,6.3585,5.800615149993694,0.7065,0.42008018631578187,0.30441728032972204
specific,100,medium,normal,100,Low Density,35.325,38.65115244732311,12.717,13.15359804993668,1.413,1.2871892278944432,-0.020956882204935523
specific,100,medium,normal,100,Medium Density,70.65,70.6036370168354,25.434,24.881080422480366,2.826,3.004464091796427,-0.020956882204935523
specific,100,medium,normal,100,High Density,141.3,140.6108341951614,50.868,51.333289234890266,5.652,5.19024912027339,-0.020956882204935523
specific,100,large,low,100,Low Density,4.415625,2.6975039581536864,1.589625,1.5681717058024682,0.176625,-0.0894536597845157,-0.39105916392456086
specific,100,large,low,100,Medium Density,8.83125,7.167337936426825,3.17925,2.2374791426161544,0.35325,-0.011724086727886919,-0.39105916392456086
specific,100,large,low,100,High Density,17.6625,14.341997609826926,6.3585,5.315889631956357,0.7065,0.4249959899039518,-0.39105916392456086
specific,100,large,normal,100,Low Density,35.325,37.099873193098894,12.717,12.360351367228683,1.413,1.5975123340635051,-0.9633192563161356
specific,100,large,normal,100,Medium Density,70.65,71.28864357836915,25.434,26.064222010329917,2.826,3.09452344257444,-0.9633192563161356
specific,100,large,normal,100,High Density,141.3,140.27147843273815,50.868,50.11945373209128,5.652,5.985115968845654,-0.9633192563161356
specific,120,small,low,120,Low Density,4.415625,3.4722233111552985,1.589625,0.7488791681697946,0.176625,0.02427423770698006,-0.3121941565409264
specific,120,small,low,120,Medium Density,8.83125,6.64940597316333,3.17925,2.0568446002400007,0.35325,0.41215795346374096,-0.3121941565409264
specific,120,small,low,120,High Density,17.6625,14.255613458309885,6.3585,6.074906551280795,0.7065,0.3711467075448752,-0.3121941565409264
specific,120,small,normal,120,Low Density,35.325,37.303301872964376,12.717,13.63884676438144,1.413,1.7669540179285477,-0.3399981846098877
specific,120,small,normal,120,Medium Density,70.65,71.67517058513228,25.434,25.881718789236626,2.826,3.0869495634758555,-0.3399981846098877
specific,120,small,normal,120,High Density,141.3,140.36311438776247,50.868,50.0570767640044,5.652,5.494486855273244,-0.3399981846098877
specific,120,medium,low,120,Low Density,4.415625,3.741825359826021,1.589625,1.6574855338994035,0.176625,0.13375114711826416,0.04711933845514746
specific,120,medium,low,120,Medium Density,8.83125,8.475084660766028,3.17925,1.903479067729954,0.35325,0.273613822012313,0.04711933845514746
specific,120,medium,low,120,High Density,17.6625,14.549949230812153,6.3585,5.61703131150194,0.7065,0.6996231781273432,0.04711933845514746
specific,120,medium,normal,120,Low Density,35.325,37.08618265846081,12.717,13.389053922338338,1.413,1.3794950427498318,-0.07107318135487879
specific,120,medium,normal,120,Medium Density,70.65,70.87968592734097,25.434,25.92765983392681,2.826,3.0694224094215485,-0.07107318135487879
specific,120,medium,normal,120,High Density,141.3,140.2218618033357,50.868,51.14093295537727,5.652,5.592689002745786,-0.07107318135487879
specific,120,large,low,120,Low Density,4.415625,3.0881773484050026,1.589625,1.7565163462711206,0.176625,0.560385339445995,-0.34788540983719474
specific,120,large,low,120,Medium Density,8.83125,7.603559374135222,3.17925,3.5197413936925663,0.35325,-0.0664565735403318,-0.34788540983719474
specific,120,large,low,120,High Density,17.6625,14.678716103467531,6.3585,5.0995473278466905,0.7065,0.7637508608923421,-0.34788540983719474
specific,120,large,normal,120,Low Density,35.325,36.732646251301276,12.717,13.34898571553124,1.413,1.6227060384116154,-0.052989993159389126
specific,120,large,normal,120,Medium Density,70.65,71.8153694430718,25.434,26.059277114471982,2.826,3.9104365831759567,-0.052989993159389126
specific,120,large,normal,120,High Density,141.3,139.51305157666795,50.868,50.743411659239214,5.652,6.335681842534346,-0.052989993159389126
specific,135,small,low,135,Low Density,4.415625,5.12963448982957,1.589625,0.854946215625517,0.176625,0.051531249285408344,-0.14091946194483995
specific,135,small,low,135,Medium Density,8.83125,8.491748024644242,3.17925,3.0212510876760708,0.35325,0.7522407171392899,-0.14091946194483995
specific,135,small,low,135,High Density,17.6625,14.171237600641218,6.3585,5.1869702243828755,0.7065,1.0765850079252723,-0.14091946194483995
specific,135,small,normal,135,Low Density,35.325,36.079807323626696,12.717,13.835151851646101,1.413,1.7931796020949051,-0.5702221311150995
specific,135,small,normal,135,Medium Density,70.65,71.58742415236696,25.434,25.903689846150208,2.826,3.4159071497893336,-0.5702221311150995
specific,135,small,normal,135,High Density,141.3,140.56379967727176,50.868,51.074500152955835,5.652,5.6584954147639905,-0.5702221311150995
specific,135,medium,low,135,Low Density,4.415625,4.401362374160762,1.589625,0.8782375997673001,0.176625,0.16586843971699747,0.30605918810843497
specific,135,medium,low,135,Medium Density,8.83125,8.129246694474757,3.17925,2.5119579457319348,0.35325,0.2503120339782324,0.30605918810843497
specific,135,medium,low,135,High Density,17.6625,15.445672469652363,6.3585,5.4070341513836,0.7065,0.3214332338953698,0.30605918810843497
specific,135,medium,normal,135,Low Density,35.325,37.30926437026829,12.717,13.961018488277341,1.413,0.9894605494817761,-0.37114788036071716
specific,135,medium,normal,135,Medium Density,70.65,71.5191277234796,25.434,26.36090510661116,2.826,2.7741184539522195,-0.37114788036071716
specific,135,medium,normal,135,High Density,141.3,139.58796708989948,50.868,50.32317350401992,5.652,4.875907485264962,-0.37114788036071716
specific,135,large,low,135,Low Density,4.415625,3.9079769458460185,1.589625,1.5870406844401714,0.176625,0.34939361686703146,-0.004178681094174789
specific,135,large,low,135,Medium Density,8.83125,8.252572187485127,3.17925,3.1543942314051274,0.35325,0.6044846418088063,-0.004178681094174789
specific,135,large,low,135,High Density,17.6625,15.010175074171881,6.3585,5.278694234592307,0.7065,1.1559610859009541,-0.004178681094174789
specific,135,large,normal,135,Low Density,35.325,36.74175597466043,12.717,13.907784264435296,1.413,1.7026834763132044,-0.6530294592731494
specific,135,large,normal,135,Medium Density,70.65,72.56829442260347,25.434,25.644831404010688,2.826,3.739979927814301,-0.6530294592731494
specific,135,large,normal,135,High Density,141.3,138.82477745261897,50.868,49.915334734843036,5.652,5.994226691950657,-0.6530294592731494
