blur,VENDER,SIZE,DENSITY,scan,inserts,ground_truth_mass_large,calculated_mass_large,ground_truth_mass_medium,calculated_mass_medium,ground_truth_mass_small,calculated_mass_small,mass_bkg
0.0,80,small,low,80,Low Density,4.415625,3.7730407371262005,1.589625,1.5122973032908291,0.176625,-0.03177394414204941,0.26940778514740604
0.0,80,small,low,80,Medium Density,8.83125,8.549355825484195,3.17925,3.1038068523381477,0.35325,0.7627858425929008,0.26940778514740604
0.0,80,small,low,80,High Density,17.6625,17.33288718984515,6.3585,6.043578058049654,0.7065,0.03261968380772347,0.26940778514740604
0.0,80,small,normal,80,Low Density,35.325,37.03776580242463,12.717,13.551682569406069,1.413,1.8780653323636152,-0.2846302444966461
0.0,80,small,normal,80,Medium Density,70.65,70.00036251634157,25.434,26.35032903872787,2.826,2.736696629365502,-0.2846302444966461
0.0,80,small,normal,80,High Density,141.3,139.43977157849508,50.868,49.98375882388223,5.652,5.79002473341767,-0.2846302444966461
0.0,80,medium,low,80,Low Density,4.415625,5.141971078310817,1.589625,2.4706358160835222,0.176625,-0.03267967581379373,0.3333482677610198
0.0,80,medium,low,80,Medium Density,8.83125,9.90649647582071,3.17925,3.124506924888992,0.35325,0.7784927054703957,0.3333482677610198
0.0,80,medium,low,80,High Density,17.6625,18.25078165350612,6.3585,6.772843048192661,0.7065,1.0527936769318487,0.3333482677610198
0.0,80,medium,normal,80,Low Density,35.325,37.628364207439795,12.717,13.531517317553378,1.413,2.200794340659563,-0.40165404878232486
0.0,80,medium,normal,80,Medium Density,70.65,71.11385348303487,25.434,26.319035069789546,2.826,2.9206848902715565,-0.40165404878232486
0.0,80,medium,normal,80,High Density,141.3,141.1916326050135,50.868,51.77190771128295,5.652,5.23844025268766,-0.40165404878232486
0.0,80,large,low,80,Low Density,4.415625,6.32231431762819,1.589625,0.9082947000656397,0.176625,-0.030903521627641026,0.6081608878453539
0.0,80,large,low,80,Medium Density,8.83125,9.851353212204913,3.17925,2.7541637294373054,0.35325,0.4273397962143577,0.6081608878453539
0.0,80,large,low,80,High Density,17.6625,19.286504684924996,6.3585,5.287537662914351,0.7065,0.1408801785712717,0.6081608878453539
0.0,80,large,normal,80,Low Density,35.325,35.90060031224885,12.717,13.088398878616193,1.413,1.7592589757438941,0.890153774973541
0.0,80,large,normal,80,Medium Density,70.65,71.01313704013937,25.434,26.22429199926559,2.826,3.6227832782888245,0.890153774973541
0.0,80,large,normal,80,High Density,141.3,140.48623909426223,50.868,50.15792779592226,5.652,5.977541397671684,0.890153774973541
0.0,100,small,low,100,Low Density,4.415625,1.981451728374628,1.589625,1.7466694265551717,0.176625,0.3289889352348736,-0.21731326439839577
0.0,100,small,low,100,Medium Density,8.83125,8.278729118655539,3.17925,2.9160165668545055,0.35325,0.3477328941559277,-0.21731326439839577
0.0,100,small,low,100,High Density,17.6625,16.097747778190634,6.3585,5.591909967124629,0.7065,0.8588760488701678,-0.21731326439839577
0.0,100,small,normal,100,Low Density,35.325,37.67480643811313,12.717,13.364763570583122,1.413,2.1182954272197874,-0.17818554532989814
0.0,100,small,normal,100,Medium Density,70.65,71.40366132362281,25.434,25.54746150825199,2.826,3.415992899936862,-0.17818554532989814
0.0,100,small,normal,100,High Density,141.3,140.9882968841586,50.868,51.02439275706327,5.652,5.580910482586798,-0.17818554532989814
0.0,100,medium,low,100,Low Density,4.415625,4.452605250040868,1.589625,1.1040587779019555,0.176625,0.6025117040006701,0.2891711634345754
0.0,100,medium,low,100,Medium Density,8.83125,8.360720385526,3.17925,2.602088981378987,0.35325,0.422315381551592,0.2891711634345754
0.0,100,medium,low,100,High Density,17.6625,16.22619453686131,6.3585,6.188103900897027,0.7065,0.4482225622745011,0.2891711634345754
0.0,100,medium,normal,100,Low Density,35.325,38.65115244732311,12.717,13.15359804993668,1.413,1.2871892278944432,-0.020956882204935523
0.0,100,medium,normal,100,Medium Density,70.65,70.6036370168354,25.434,24.881080422480366,2.826,3.004464091796427,-0.020956882204935523
0.0,100,medium,normal,100,High Density,141.3,140.6108341951614,50.868,51.333289234890266,5.652,5.19024912027339,-0.020956882204935523
0.0,100,large,low,100,Low Density,4.415625,2.624198241490322,1.589625,1.52642371572,0.176625,-0.08708176155916819,-0.38051551858088134
0.0,100,large,low,100,Medium Density,8.83125,7.5827872261216065,3.17925,2.3681604816965725,0.35325,-0.012403719938460317,-0.38051551858088134
0.0,100,large,low,100,High Density,17.6625,15.828187603586432,6.3585,5.866800265803875,0.7065,0.4692669896470862,-0.38051551858088134
0.0,100,large,normal,100,Low Density,35.325,37.099873193098894,12.717,12.360351367228683,1.413,1.5975123340635051,-0.9633192563161356
0.0,100,large,normal,100,Medium Density,70.65,71.28864357836915,25.434,26.064222010329917,2.826,3.09452344257444,-0.9633192563161356
0.0,100,large,normal,100,High Density,141.3,140.27147843273815,50.868,50.11945373209128,5.652,5.985115968845654,-0.9633192563161356
0.0,120,small,low,120,Low Density,4.415625,3.3869008248547745,1.589625,0.730755966970653,0.176625,0.023684165323413376,-0.3045661742840671
0.0,120,small,low,120,Medium Density,8.83125,7.057717494012856,3.17925,2.182159676800814,0.35325,0.43709303053686493,-0.3045661742840671
0.0,120,small,low,120,High Density,17.6625,15.785614625830181,6.3585,6.722184495208814,0.7065,0.4108906044469741,-0.3045661742840671
0.0,120,small,normal,120,Low Density,35.325,37.303301872964376,12.717,13.63884676438144,1.413,1.7669540179285477,-0.3399981846098877
0.0,120,small,normal,120,Medium Density,70.65,71.67517058513228,25.434,25.881718789236626,2.826,3.0869495634758555,-0.3399981846098877
0.0,120,small,normal,120,High Density,141.3,140.36311438776247,50.868,50.0570767640044,5.652,5.494486855273244,-0.3399981846098877
0.0,120,medium,low,120,Low Density,4.415625,3.558998684922709,1.589625,1.576314878169959,0.176625,0.12721187131292075,0.04483587708485882
0.0,120,medium,low,120,Medium Density,8.83125,8.715830524583176,3.17925,1.9583488008888772,0.35325,0.2814318585717796,0.04483587708485882
0.0,120,medium,low,120,High Density,17.6625,15.572015899006644,6.3585,6.010993125457022,0.7065,0.7488749591826457,0.04483587708485882
0.0,120,medium,normal,120,Low Density,35.325,37.08618265846081,12.717,13.389053922338338,1.413,1.3794950427498318,-0.07107318135487879
0.0,120,medium,normal,120,Medium Density,70.65,70.87968592734097,25.434,25.92765983392681,2.826,3.0694224094215485,-0.07107318135487879
0.0,120,medium,normal,120,High Density,141.3,140.2218618033357,50.868,51.14093295537727,5.652,5.592689002745786,-0.07107318135487879
0.0,120,large,low,120,Low Density,4.415625,3.0142498656437446,1.589625,1.7158814347377565,0.176625,0.5474655186079165,-0.3395975426287424
0.0,120,large,low,120,Medium Density,8.83125,8.075134902867157,3.17925,3.737989640704725,0.35325,-0.07059049601979382,-0.3395975426287424
0.0,120,large,low,120,High Density,17.6625,16.278074773372328,6.3585,5.651817622428352,0.7065,0.8463219423495136,-0.3395975426287424
0.0,120,large,normal,120,Low Density,35.325,36.732646251301276,12.717,13.34898571553124,1.413,1.6227060384116154,-0.052989993159389126
0.0,120,large,normal,120,Medium Density,70.65,71.8153694430718,25.434,26.059277114471982,2.826,3.9104365831759567,-0.052989993159389126
0.0,120,large,normal,120,High Density,141.3,139.51305157666795,50.868,50.743411659239214,5.652,6.335681842534346,-0.052989993159389126
0.0,135,small,low,135,Low Density,4.415625,5.076577999798804,1.589625,0.846024183852533,0.176625,0.0509942792665727,-0.13947361130434577
0.0,135,small,low,135,Medium Density,8.83125,9.166472089649202,3.17925,3.2615619712684083,0.35325,0.8119149429093331,-0.13947361130434577
0.0,135,small,low,135,High Density,17.6625,16.009266528937687,6.3585,5.855748505296705,0.7065,1.2144575328626201,-0.13947361130434577
0.0,135,small,normal,135,Low Density,35.325,36.079807323626696,12.717,13.835151851646101,1.413,1.7931796020949051,-0.5702221311150995
0.0,135,small,normal,135,Medium Density,70.65,71.58742415236696,25.434,25.903689846150208,2.826,3.4159071497893336,-0.5702221311150995
0.0,135,small,normal,135,High Density,141.3,140.56379967727176,50.868,51.074500152955835,5.652,5.6584954147639905,-0.5702221311150995
0.0,135,medium,low,135,Low Density,4.415625,4.356275828793719,1.589625,0.8690871032096692,0.176625,0.1641871155042488,0.3029694387990383
0.0,135,medium,low,135,Medium Density,8.83125,8.773627909483784,3.17925,2.712818407805008,0.35325,0.2704023500956758,0.3029694387990383
0.0,135,medium,low,135,High Density,17.6625,17.43565817611339,6.3585,6.1047476092269335,0.7065,0.36308361294744745,0.3029694387990383
0.0,135,medium,normal,135,Low Density,35.325,37.30926437026829,12.717,13.961018488277341,1.413,0.9894605494817761,-0.37114788036071716
0.0,135,medium,normal,135,Medium Density,70.65,71.5191277234796,25.434,26.36090510661116,2.826,2.7741184539522195,-0.37114788036071716
0.0,135,medium,normal,135,High Density,141.3,139.58796708989948,50.868,50.32317350401992,5.652,4.875907485264962,-0.37114788036071716
0.0,135,large,low,135,Low Density,4.415625,3.9206485747661723,1.589625,1.592198620551129,0.176625,0.3505503099913586,-0.004192255245227683
0.0,135,large,low,135,Medium Density,8.83125,9.063633960644996,3.17925,3.4621948905302578,0.35325,0.663762684506755,-0.004192255245227683
0.0,135,large,low,135,High Density,17.6625,17.263940354050504,6.3585,6.070998321711911,0.7065,1.329533907868334,-0.004192255245227683
0.0,135,large,normal,135,Low Density,35.325,36.74175597466043,12.717,13.907784264435296,1.413,1.7026834763132044,-0.6530294592731494
0.0,135,large,normal,135,Medium Density,70.65,72.56829442260347,25.434,25.644831404010688,2.826,3.739979927814301,-0.6530294592731494
0.0,135,large,normal,135,High Density,141.3,138.82477745261897,50.868,49.915334734843036,5.652,5.994226691950657,-0.6530294592731494
0.5,80,small,low,80,Low Density,4.415625,3.594883013212339,1.589625,1.3483381339900165,0.176625,-0.04337271024446339,0.2573452148102239
0.5,80,small,low,80,Medium Density,8.83125,8.15377992302503,3.17925,3.1677357435399704,0.35325,0.6549391423570043,0.2573452148102239
0.5,80,small,low,80,High Density,17.6625,16.66900562455558,6.3585,5.77927079081896,0.7065,0.0662371271481758,0.2573452148102239
0.5,80,small,normal,80,Low Density,35.325,36.53605470939932,12.717,13.238825262879296,1.413,1.7623834796220383,-0.28030301325583096
0.5,80,small,normal,80,Medium Density,70.65,71.7228304346608,25.434,25.73313270263935,2.826,2.668633366880343,-0.28030301325583096
0.5,80,small,normal,80,High Density,141.3,138.92718682072905,50.868,49.83949642643532,5.652,5.838879528617327,-0.28030301325583096
0.5,80,medium,low,80,Low Density,4.415625,5.056151230540642,1.589625,2.3528194365352415,0.176625,-0.0496172894001277,0.32451612549058373
0.5,80,medium,low,80,Medium Density,8.83125,9.629422655880095,3.17925,3.04149955943269,0.35325,0.6232949379960243,0.32451612549058373
0.5,80,medium,low,80,High Density,17.6625,17.486180090670285,6.3585,6.104025046861743,0.7065,0.9957000998960635,0.32451612549058373
0.5,80,medium,normal,80,Low Density,35.325,38.55591672283873,12.717,14.462886860603412,1.413,2.343108176868273,-0.40977939795119556
0.5,80,medium,normal,80,Medium Density,70.65,67.92441997340885,25.434,27.44230261865242,2.826,2.679628849403489,-0.40977939795119556
0.5,80,medium,normal,80,High Density,141.3,143.2156062647571,50.868,51.98001175198265,5.652,5.235385154267804,-0.40977939795119556
0.5,80,large,low,80,Low Density,4.415625,6.3763424931988855,1.589625,1.0985654882054445,0.176625,-0.07692828625453635,0.6259107393995684
0.5,80,large,low,80,Medium Density,8.83125,10.384590105682358,3.17925,2.85801575090025,0.35325,0.4376890826959967,0.6259107393995684
0.5,80,large,low,80,High Density,17.6625,19.547281256329757,6.3585,6.026789413687083,0.7065,0.16058519926061096,0.6259107393995684
0.5,80,large,normal,80,Low Density,35.325,35.740165159022155,12.717,12.935070973505786,1.413,1.7617629250530655,0.8855693283149052
0.5,80,large,normal,80,Medium Density,70.65,72.58941548448502,25.434,25.989203574135132,2.826,3.165981811033042,0.8855693283149052
0.5,80,large,normal,80,High Density,141.3,141.3677699141607,50.868,49.09311240060462,5.652,6.24819887669988,0.8855693283149052
0.5,100,small,low,100,Low Density,4.415625,2.1020240794442033,1.589625,1.8254173697956473,0.176625,0.32177240012579295,-0.2176035682583649
0.5,100,small,low,100,Medium Density,8.83125,8.252726790729573,3.17925,2.910470892431731,0.35325,0.37936308426463106,-0.2176035682583649
0.5,100,small,low,100,High Density,17.6625,16.21106880217584,6.3585,5.651880773880016,0.7065,0.8623295084837528,-0.2176035682583649
0.5,100,small,normal,100,Low Density,35.325,37.149220709473795,12.717,14.152535040143432,1.413,2.2224161304099206,-0.178898317733075
0.5,100,small,normal,100,Medium Density,70.65,71.08571777366228,25.434,25.615618202219693,2.826,3.366422781186561,-0.178898317733075
0.5,100,small,normal,100,High Density,141.3,140.90914186241886,50.868,48.71093619779399,5.652,5.426103358966606,-0.178898317733075
0.5,100,medium,low,100,Low Density,4.415625,4.761469360616345,1.589625,1.074921808569959,0.176625,0.7056082097849384,0.3005683414970801
0.5,100,medium,low,100,Medium Density,8.83125,8.594843468691755,3.17925,2.779501426437678,0.35325,0.43571453366552665,0.3005683414970801
0.5,100,medium,low,100,High Density,17.6625,16.823608620557547,6.3585,6.489598969718031,0.7065,0.49424134904105577,0.3005683414970801
0.5,100,medium,normal,100,Low Density,35.325,38.49338529529331,12.717,12.262243651891124,1.413,1.2267256200029337,-0.020482169571633235
0.5,100,medium,normal,100,Medium Density,70.65,70.68475891313035,25.434,23.711407274108865,2.826,2.9574079406174785,-0.020482169571633235
0.5,100,medium,normal,100,High Density,141.3,138.25562203849674,50.868,51.071258309016486,5.652,5.417639912429419,-0.020482169571633235
0.5,100,large,low,100,Low Density,4.415625,2.5310087266584884,1.589625,1.5495437915724326,0.176625,-0.05529650214025388,-0.3819441885554408
0.5,100,large,low,100,Medium Density,8.83125,7.850601850313066,3.17925,2.3386349032845324,0.35325,-0.023353107495124308,-0.3819441885554408
0.5,100,large,low,100,High Density,17.6625,15.735096050590546,6.3585,5.954365264210651,0.7065,0.5425744533359328,-0.3819441885554408
0.5,100,large,normal,100,Low Density,35.325,37.007023126178616,12.717,12.099468763791851,1.413,1.5870255067270091,-0.9512594725284176
0.5,100,large,normal,100,Medium Density,70.65,69.44276745842772,25.434,26.711108000712954,2.826,3.253930509268071,-0.9512594725284176
0.5,100,large,normal,100,High Density,141.3,142.59707035473087,50.868,49.67090446372305,5.652,6.352576772785674,-0.9512594725284176
0.5,120,small,low,120,Low Density,4.415625,2.956970600772884,1.589625,0.6430719247338408,0.176625,0.04429319380666359,-0.2848980242118581
0.5,120,small,low,120,Medium Density,8.83125,6.527948043639498,3.17925,2.1465635448816394,0.35325,0.3871319504131101,-0.2848980242118581
0.5,120,small,low,120,High Density,17.6625,15.12872738653635,6.3585,6.444823505467188,0.7065,0.299271298918081,-0.2848980242118581
0.5,120,small,normal,120,Low Density,35.325,37.78602244380515,12.717,13.195777251796915,1.413,1.7105948471027768,-0.34104365702452943
0.5,120,small,normal,120,Medium Density,70.65,72.33968871988674,25.434,25.45950013897853,2.826,3.253163446672153,-0.34104365702452943
0.5,120,small,normal,120,High Density,141.3,141.59440136525026,50.868,51.38600539575853,5.652,5.667532602848769,-0.34104365702452943
0.5,120,medium,low,120,Low Density,4.415625,3.4728326821989812,1.589625,1.5171101372786238,0.176625,0.03029216442325147,0.0465549977535614
0.5,120,medium,low,120,Medium Density,8.83125,9.176878473365301,3.17925,1.8267082239569967,0.35325,0.26165093744930096,0.0465549977535614
0.5,120,medium,low,120,High Density,17.6625,15.500312708597688,6.3585,6.4514573129704305,0.7065,0.8339153354855701,0.0465549977535614
0.5,120,medium,normal,120,Low Density,35.325,37.063331308461485,12.717,13.582661595391158,1.413,1.3709950239617499,-0.07069313847880236
0.5,120,medium,normal,120,Medium Density,70.65,69.88477394354732,25.434,25.691318851573506,2.826,3.0990307396869285,-0.07069313847880236
0.5,120,medium,normal,120,High Density,141.3,139.939162899642,50.868,48.81170307836967,5.652,5.275931099978443,-0.07069313847880236
0.5,120,large,low,120,Low Density,4.415625,3.0182554997142166,1.589625,1.7079402852780754,0.176625,0.6312927677743274,-0.34462967806603056
0.5,120,large,low,120,Medium Density,8.83125,8.272457311596611,3.17925,4.068089934913777,0.35325,-0.01806936602854958,-0.34462967806603056
0.5,120,large,low,120,High Density,17.6625,16.598010856650475,6.3585,5.590276322395531,0.7065,0.8671803065895475,-0.34462967806603056
0.5,120,large,normal,120,Low Density,35.325,36.78557664668061,12.717,13.027897429098164,1.413,1.7109171094326414,-0.05220636035186112
0.5,120,large,normal,120,Medium Density,70.65,74.06793974918172,25.434,26.715216070480537,2.826,4.064449613755003,-0.05220636035186112
0.5,120,large,normal,120,High Density,141.3,138.80976555340726,50.868,52.72406218428221,5.652,6.581186067485423,-0.05220636035186112
0.5,135,small,low,135,Low Density,4.415625,5.2887558816388225,1.589625,0.9137592656175644,0.176625,0.07153388169615428,-0.1423241971371783
0.5,135,small,low,135,Medium Density,8.83125,9.10167271492998,3.17925,3.2512469398774457,0.35325,0.8553559025947657,-0.1423241971371783
0.5,135,small,low,135,High Density,17.6625,15.728970151719029,6.3585,6.060678326076979,0.7065,1.0789283380121366,-0.1423241971371783
0.5,135,small,normal,135,Low Density,35.325,35.88962173984297,12.717,13.598899274741203,1.413,1.8211192822074427,-0.5662891801774346
0.5,135,small,normal,135,Medium Density,70.65,73.38247245644858,25.434,25.497731622979888,2.826,3.9554389111291233,-0.5662891801774346
0.5,135,small,normal,135,High Density,141.3,141.57095375475896,50.868,51.42299080978718,5.652,5.72192103135247,-0.5662891801774346
0.5,135,medium,low,135,Low Density,4.415625,4.645032884231431,1.589625,0.9084434087224864,0.176625,0.15061682443775115,0.30459941770370247
0.5,135,medium,low,135,Medium Density,8.83125,8.753732949336333,3.17925,2.7853640759190945,0.35325,0.18909450130680697,0.30459941770370247
0.5,135,medium,low,135,High Density,17.6625,17.607274966038144,6.3585,6.1150271240202825,0.7065,0.34725696133846284,0.30459941770370247
0.5,135,medium,normal,135,Low Density,35.325,36.69404457301568,12.717,13.887974862385105,1.413,0.8896666045110351,-0.36965786746864976
0.5,135,medium,normal,135,Medium Density,70.65,71.1849275344576,25.434,25.047975660920322,2.826,2.5107635912355613,-0.36965786746864976
0.5,135,medium,normal,135,High Density,141.3,137.72224893066246,50.868,47.32965728584006,5.652,5.3767175179612,-0.36965786746864976
0.5,135,large,low,135,Low Density,4.415625,3.7124256819620878,1.589625,1.56501079504814,0.176625,0.4436212358047115,-0.004324994376739884
0.5,135,large,low,135,Medium Density,8.83125,9.399275505333343,3.17925,3.4768579744586625,0.35325,0.6989516598713281,-0.004324994376739884
0.5,135,large,low,135,High Density,17.6625,17.941094853989117,6.3585,6.2969439415625015,0.7065,1.3046162576268217,-0.004324994376739884
0.5,135,large,normal,135,Low Density,35.325,35.06616696849693,12.717,13.085970917574645,1.413,1.5960177243466527,-0.6432217382699152
0.5,135,large,normal,135,Medium Density,70.65,73.15723722065586,25.434,24.990410492942644,2.826,3.7219310247386987,-0.6432217382699152
0.5,135,large,normal,135,High Density,141.3,136.1257238208441,50.868,46.61333758953365,5.652,5.681724615660596,-0.6432217382699152
1.0,80,small,low,80,Low Density,4.415625,4.219393183209227,1.589625,1.3868841217348546,0.176625,0.007580754944688084,0.2937958714451271
1.0,80,small,low,80,Medium Density,8.83125,9.903137544269411,3.17925,3.379344661752827,0.35325,0.9668695664493001,0.2937958714451271
1.0,80,small,low,80,High Density,17.6625,18.481031015255336,6.3585,6.912731747820709,0.7065,0.08685417429435759,0.2937958714451271
1.0,80,small,normal,80,Low Density,35.325,38.145864234387794,12.717,14.312414174697333,1.413,2.0543537270516983,-0.28877742703927967
1.0,80,small,normal,80,Medium Density,70.65,69.58895341866949,25.434,26.764513445749618,2.826,2.5710885476495444,-0.28877742703927967
1.0,80,small,normal,80,High Density,141.3,140.10668428949202,50.868,51.26113962893902,5.652,6.184765641374749,-0.28877742703927967
1.0,80,medium,low,80,Low Density,4.415625,5.353732682051924,1.589625,2.5359456257278574,0.176625,-0.08765021158851671,0.3528882740569157
1.0,80,medium,low,80,Medium Density,8.83125,10.021752294359217,3.17925,2.9102433543934687,0.35325,0.466805461879454,0.3528882740569157
1.0,80,medium,low,80,High Density,17.6625,18.932725684158374,6.3585,7.022589478573612,0.7065,1.159869551746205,0.3528882740569157
1.0,80,medium,normal,80,Low Density,35.325,37.06390677621177,12.717,13.484208152416873,1.413,2.645985432068337,-0.41081346413673114
1.0,80,medium,normal,80,Medium Density,70.65,71.93984775560567,25.434,27.593916827911798,2.826,3.007630454228647,-0.41081346413673114
1.0,80,medium,normal,80,High Density,141.3,136.36352522606867,50.868,55.9728350479163,5.652,4.862005431113599,-0.41081346413673114
1.0,80,large,low,80,Low Density,4.415625,6.767501534127419,1.589625,0.90756239659609,0.176625,-0.1573070424709622,0.6420929845669449
1.0,80,large,low,80,Medium Density,8.83125,10.902643202474652,3.17925,3.3205436039362484,0.35325,0.503350207742565,0.6420929845669449
1.0,80,large,low,80,High Density,17.6625,20.09024244293491,6.3585,6.02719646779871,0.7065,0.13459492317519697,0.6420929845669449
1.0,80,large,normal,80,Low Density,35.325,38.115646640341986,12.717,13.45562778208099,1.413,1.832865743427769,0.9488807905671884
1.0,80,large,normal,80,Medium Density,70.65,70.53571200168484,25.434,26.988986649065374,2.826,3.2056657506208275,0.9488807905671884
1.0,80,large,normal,80,High Density,141.3,146.23364543787486,50.868,49.53664547324736,5.652,6.596367994177171,0.9488807905671884
1.0,100,small,low,100,Low Density,4.415625,2.2392442017032264,1.589625,1.931890294949218,0.176625,0.44297494834068635,-0.23743373955429808
1.0,100,small,low,100,Medium Density,8.83125,8.44042695474994,3.17925,3.23598139586351,0.35325,0.34371373645864695,-0.23743373955429808
1.0,100,small,low,100,High Density,17.6625,17.12265302774409,6.3585,6.432625945821553,0.7065,0.9715478862995428,-0.23743373955429808
1.0,100,small,normal,100,Low Density,35.325,39.38707595205781,12.717,13.95574756948638,1.413,1.8134351426739812,-0.18030348665749119
1.0,100,small,normal,100,Medium Density,70.65,72.2328193559576,25.434,26.330395798867098,2.826,3.9959619345317012,-0.18030348665749119
1.0,100,small,normal,100,High Density,141.3,144.37774861074047,50.868,53.45167499403564,5.652,7.8292792929177395,-0.18030348665749119
1.0,100,medium,low,100,Low Density,4.415625,5.176486785934776,1.589625,1.5284263925528465,0.176625,0.6654313697193466,0.32303446129875707
1.0,100,medium,low,100,Medium Density,8.83125,9.677510189753926,3.17925,3.0568955016981256,0.35325,0.3227735840061442,0.32303446129875707
1.0,100,medium,low,100,High Density,17.6625,17.523949736746772,6.3585,7.392055752487639,0.7065,0.580535017029471,0.32303446129875707
1.0,100,medium,normal,100,Low Density,35.325,39.83986582475012,12.717,14.716646459293692,1.413,1.0615975637497608,-0.021995257409360314
1.0,100,medium,normal,100,Medium Density,70.65,68.51097150402909,25.434,24.695533436117074,2.826,2.5215977020017277,-0.021995257409360314
1.0,100,medium,normal,100,High Density,141.3,140.13954808583082,50.868,50.57488832331608,5.652,5.539895235367428,-0.021995257409360314
1.0,100,large,low,100,Low Density,4.415625,2.6441744542790833,1.589625,1.516602045073049,0.176625,-0.0783145091818364,-0.3820536933177143
1.0,100,large,low,100,Medium Density,8.83125,7.389705035596524,3.17925,1.907605024761406,0.35325,-0.15416122252553643,-0.3820536933177143
1.0,100,large,low,100,High Density,17.6625,15.110080047030161,6.3585,5.798602567661994,0.7065,0.3021508761604885,-0.3820536933177143
1.0,100,large,normal,100,Low Density,35.325,36.09800851222099,12.717,12.057740233319457,1.413,1.8473051961789535,-0.916447247961893
1.0,100,large,normal,100,Medium Density,70.65,70.84985615363192,25.434,23.64356178381675,2.826,3.537265447295154,-0.916447247961893
1.0,100,large,normal,100,High Density,141.3,139.27370198017147,50.868,48.26340588479172,5.652,6.199432612905529,-0.916447247961893
1.0,120,small,low,120,Low Density,4.415625,2.7286074236784432,1.589625,0.549417598072924,0.176625,0.0639692799440838,-0.2779496962536558
1.0,120,small,low,120,Medium Density,8.83125,6.196951114703527,3.17925,1.7223297406901885,0.35325,0.4920229984669118,-0.2779496962536558
1.0,120,small,low,120,High Density,17.6625,14.623182315513601,6.3585,5.685819127597358,0.7065,0.4955994694209597,-0.2779496962536558
1.0,120,small,normal,120,Low Density,35.325,36.85852937618991,12.717,13.219155795335467,1.413,1.9346637442174577,-0.33776790018553315
1.0,120,small,normal,120,Medium Density,70.65,78.12236180364565,25.434,26.516093277762337,2.826,3.6724523981042965,-0.33776790018553315
1.0,120,small,normal,120,High Density,141.3,143.03816441381443,50.868,49.72890236710692,5.652,6.422766997516257,-0.33776790018553315
1.0,120,medium,low,120,Low Density,4.415625,3.8328017057558057,1.589625,1.3259260569194915,0.176625,0.11815745409137875,0.04324041242665974
1.0,120,medium,low,120,Medium Density,8.83125,8.022098103938637,3.17925,1.7670266053329673,0.35325,0.3783958975046726,0.04324041242665974
1.0,120,medium,low,120,High Density,17.6625,15.81910091415623,6.3585,6.08035357841856,0.7065,0.6498253205408293,0.04324041242665974
1.0,120,medium,normal,120,Low Density,35.325,36.30788094032655,12.717,14.028059161769125,1.413,1.2436565541858267,-0.07010942891818508
1.0,120,medium,normal,120,Medium Density,70.65,75.35123829685399,25.434,24.684492605635196,2.826,3.1506373879970306,-0.07010942891818508
1.0,120,medium,normal,120,High Density,141.3,145.14719273854206,50.868,51.48454925808003,5.652,5.885713890397375,-0.07010942891818508
1.0,120,large,low,120,Low Density,4.415625,2.278211657237866,1.589625,1.6211421975986149,0.176625,0.6913925969673586,-0.28356421400072124
1.0,120,large,low,120,Medium Density,8.83125,6.0442876981948555,3.17925,3.007858456684005,0.35325,-0.17534824955128137,-0.28356421400072124
1.0,120,large,low,120,High Density,17.6625,14.802056636170452,6.3585,4.541928178251249,0.7065,0.6308786229644604,-0.28356421400072124
1.0,120,large,normal,120,Low Density,35.325,35.31758143662451,12.717,14.030745773168386,1.413,1.8200943299939292,-0.0528764964663612
1.0,120,large,normal,120,Medium Density,70.65,70.51216054352436,25.434,26.449806739131756,2.826,3.8470256500699223,-0.0528764964663612
1.0,120,large,normal,120,High Density,141.3,142.1902449195525,50.868,54.661214632600945,5.652,5.845609736294205,-0.0528764964663612
1.0,135,small,low,135,Low Density,4.415625,5.769637903109385,1.589625,0.8121994038699341,0.176625,0.05570421028383193,-0.1511437114197679
1.0,135,small,low,135,Medium Density,8.83125,9.502675798247825,3.17925,3.6834167256621315,0.35325,0.5893882850729545,-0.1511437114197679
1.0,135,small,low,135,High Density,17.6625,15.967829684981035,6.3585,6.535344080807386,0.7065,1.4074297076424103,-0.1511437114197679
1.0,135,small,normal,135,Low Density,35.325,34.83339501806883,12.717,13.458410258352764,1.413,1.6021745678227681,-0.5725522540792588
1.0,135,small,normal,135,Medium Density,70.65,70.3735107644111,25.434,24.320137348015365,2.826,3.614666019777008,-0.5725522540792588
1.0,135,small,normal,135,High Density,141.3,141.3321555377009,50.868,46.31679455975625,5.652,5.788202266036473,-0.5725522540792588
1.0,135,medium,low,135,Low Density,4.415625,4.573867820708117,1.589625,0.5824261516124513,0.176625,0.3169848535665655,0.2997156454358839
1.0,135,medium,low,135,Medium Density,8.83125,8.398358129496208,3.17925,2.569829059400755,0.35325,0.30631692343089434,0.2997156454358839
1.0,135,medium,low,135,High Density,17.6625,17.481151698150892,6.3585,6.099107920379298,0.7065,0.4142094278921392,0.2997156454358839
1.0,135,medium,normal,135,Low Density,35.325,34.80345389875921,12.717,11.709014708164544,1.413,0.8099322319736113,-0.35744378882716216
1.0,135,medium,normal,135,Medium Density,70.65,70.1931376117075,25.434,23.69870906683717,2.826,2.859977566820879,-0.35744378882716216
1.0,135,medium,normal,135,High Density,141.3,137.07148447630468,50.868,46.41818252026425,5.652,5.129987769006307,-0.35744378882716216
1.0,135,large,low,135,Low Density,4.415625,4.181107950798938,1.589625,2.0170753971429654,0.176625,0.3115001986666768,-0.0043703876668347115
1.0,135,large,low,135,Medium Density,8.83125,9.365075343424612,3.17925,4.044560665285298,0.35325,0.7395317770037269,-0.0043703876668347115
1.0,135,large,low,135,High Density,17.6625,18.24289696215023,6.3585,6.474661757827443,0.7065,1.3241397520887923,-0.0043703876668347115
1.0,135,large,normal,135,Low Density,35.325,36.61497103440319,12.717,13.853728890053612,1.413,1.8896938018098042,-0.6658364177749783
1.0,135,large,normal,135,Medium Density,70.65,72.68895395026155,25.434,24.24803732334994,2.826,3.2191058289266388,-0.6658364177749783
1.0,135,large,normal,135,High Density,141.3,140.52636162510635,50.868,55.59352972115836,5.652,6.7701430660155015,-0.6658364177749783
1.5,80,small,low,80,Low Density,4.415625,4.252313076716608,1.589625,1.6127492899469837,0.176625,-0.1387030036982794,0.28024925064004064
1.5,80,small,low,80,Medium Density,8.83125,7.835450497112532,3.17925,3.7036638859599424,0.35325,0.8767448786584637,0.28024925064004064
1.5,80,small,low,80,High Density,17.6625,17.616614770318886,6.3585,6.859652062002178,0.7065,0.20465732134967896,0.28024925064004064
1.5,80,small,normal,80,Low Density,35.325,39.249854388918756,12.717,13.166097549663355,1.413,1.8932255226748325,-0.2731912432615463
1.5,80,small,normal,80,Medium Density,70.65,65.28741077870455,25.434,23.94553732797752,2.826,2.834482413803876,-0.2731912432615463
1.5,80,small,normal,80,High Density,141.3,141.6026059070064,50.868,42.898388280472865,5.652,5.3329918649287,-0.2731912432615463
1.5,80,medium,low,80,Low Density,4.415625,5.630379521738984,1.589625,2.326328841254066,0.176625,-0.06381853094759836,0.3343417580021841
1.5,80,medium,low,80,Medium Density,8.83125,9.537316105578586,3.17925,2.861610257832316,0.35325,0.7294504082326075,0.3343417580021841
1.5,80,medium,low,80,High Density,17.6625,19.358210581076463,6.3585,7.902067641498508,0.7065,0.9020258502060607,0.3343417580021841
1.5,80,medium,normal,80,Low Density,35.325,35.14169925061956,12.717,12.622622852030222,1.413,2.293443551019136,-0.37520356542465927
1.5,80,medium,normal,80,Medium Density,70.65,76.46617374299367,25.434,25.46082769146325,2.826,2.113637121467241,-0.37520356542465927
1.5,80,medium,normal,80,High Density,141.3,143.7739520524584,50.868,52.59109713444164,5.652,6.310387784073135,-0.37520356542465927
1.5,80,large,low,80,Low Density,4.415625,6.716574339813666,1.589625,0.4923928262051007,0.176625,-0.4709436347262713,0.6031852266085058
1.5,80,large,low,80,Medium Density,8.83125,9.410881419030511,3.17925,2.864996629334963,0.35325,0.7560377396577338,0.6031852266085058
1.5,80,large,low,80,High Density,17.6625,19.246342754520313,6.3585,5.172265299095134,0.7065,0.12479265376434961,0.6031852266085058
1.5,80,large,normal,80,Low Density,35.325,33.57956230781951,12.717,13.274174685259823,1.413,1.847097992838981,0.9189055089008488
1.5,80,large,normal,80,Medium Density,70.65,73.67947370736827,25.434,24.13788908620057,2.826,4.629726082941829,0.9189055089008488
1.5,80,large,normal,80,High Density,141.3,141.20560206942747,50.868,51.355931012806586,5.652,5.359205869683706,0.9189055089008488
1.5,100,small,low,100,Low Density,4.415625,1.948801873064581,1.589625,1.7518736328459577,0.176625,0.096708131447545,-0.20669198386778154
1.5,100,small,low,100,Medium Density,8.83125,6.360418835911705,3.17925,2.8092697142961494,0.35325,0.24718191810627768,-0.20669198386778154
1.5,100,small,low,100,High Density,17.6625,16.172886660840113,6.3585,5.665705308475049,0.7065,0.8377030644020551,-0.20669198386778154
1.5,100,small,normal,100,Low Density,35.325,38.42574807629077,12.717,11.634202464691993,1.413,1.4898521896074126,-0.16926209198890516
1.5,100,small,normal,100,Medium Density,70.65,71.99073652999174,25.434,25.030785732588456,2.826,3.1841564105637303,-0.16926209198890516
1.5,100,small,normal,100,High Density,141.3,131.64584161180971,50.868,45.026763864172636,5.652,5.366762307135794,-0.16926209198890516
1.5,100,medium,low,100,Low Density,4.415625,3.588193377470092,1.589625,0.9356994723581199,0.176625,0.652111767191846,0.2599887877300768
1.5,100,medium,low,100,Medium Density,8.83125,8.406865932754082,3.17925,2.0582655321107324,0.35325,0.2571851029981825,0.2599887877300768
1.5,100,medium,low,100,High Density,17.6625,15.727164292760705,6.3585,5.4138826288297315,0.7065,0.3821690698922283,0.2599887877300768
1.5,100,medium,normal,100,Low Density,35.325,39.167981284879815,12.717,12.541674136023738,1.413,1.4516964363256442,-0.020534881810261585
1.5,100,medium,normal,100,Medium Density,70.65,74.01600198387551,25.434,26.850902119975576,2.826,3.227445738406441,-0.020534881810261585
1.5,100,medium,normal,100,High Density,141.3,148.68350989296556,50.868,49.27257206420073,5.652,6.173186654291306,-0.020534881810261585
1.5,100,large,low,100,Low Density,4.415625,2.521856819710938,1.589625,1.6109978728174732,0.176625,-0.05341583756989975,-0.3824945068947579
1.5,100,large,low,100,Medium Density,8.83125,8.8044139586339,3.17925,1.780052669866516,0.35325,-0.027735146491344738,-0.3824945068947579
1.5,100,large,low,100,High Density,17.6625,15.639954397204455,6.3585,6.475786859717122,0.7065,0.6839342026461697,-0.3824945068947579
1.5,100,large,normal,100,Low Density,35.325,36.1830657072147,12.717,13.047878305625005,1.413,1.4469940346392345,-0.9842731427196659
1.5,100,large,normal,100,Medium Density,70.65,73.55514735623179,25.434,25.111288520568195,2.826,2.974104398544614,-0.9842731427196659
1.5,100,large,normal,100,High Density,141.3,149.25609699959952,50.868,54.99248085157847,5.652,6.076669789729102,-0.9842731427196659
1.5,120,small,low,120,Low Density,4.415625,3.73537784417012,1.589625,0.9887114082875658,0.176625,-0.016828103840808805,-0.33236133932799855
1.5,120,small,low,120,Medium Density,8.83125,8.545544354738237,3.17925,2.4769060297331493,0.35325,0.20606354863961354,-0.33236133932799855
1.5,120,small,low,120,High Density,17.6625,16.97514051293,6.3585,8.413261977877104,0.7065,0.34337486719565874,-0.33236133932799855
1.5,120,small,normal,120,Low Density,35.325,37.23824068982034,12.717,14.641113506808356,1.413,1.467411609657762,-0.3706455321389379
1.5,120,small,normal,120,Medium Density,70.65,62.92578418809919,25.434,24.439942649588104,2.826,2.7399726236184905,-0.3706455321389379
1.5,120,small,normal,120,High Density,141.3,147.69397619863923,50.868,51.061326321112524,5.652,3.8768772302703454,-0.3706455321389379
1.5,120,medium,low,120,Low Density,4.415625,3.354484038241357,1.589625,1.5736142060819516,0.176625,0.16126662748760376,0.0392670088669278
1.5,120,medium,low,120,Medium Density,8.83125,7.253584521078193,3.17925,1.4666260731787926,0.35325,-0.027528484246247778,0.0392670088669278
1.5,120,medium,low,120,High Density,17.6625,15.077941093068967,6.3585,4.564756028876143,0.7065,0.4435923371812101,0.0392670088669278
1.5,120,medium,normal,120,Low Density,35.325,35.66843315910542,12.717,11.270506282209126,1.413,1.2118170787841753,-0.06701667165092882
1.5,120,medium,normal,120,Medium Density,70.65,69.18954269339233,25.434,23.45189357195078,2.826,3.736563609996809,-0.06701667165092882
1.5,120,medium,normal,120,High Density,141.3,137.17652306281337,50.868,53.681428724110596,5.652,6.009003075602838,-0.06701667165092882
1.5,120,large,low,120,Low Density,4.415625,2.2880426491471737,1.589625,1.9782709459139984,0.176625,0.851675826177706,-0.34125284290003344
1.5,120,large,low,120,Medium Density,8.83125,9.66444935984543,3.17925,3.766506280818936,0.35325,0.0153277133537332,-0.34125284290003344
1.5,120,large,low,120,High Density,17.6625,16.660836216559602,6.3585,5.951433261909566,0.7065,1.17279253732682,-0.34125284290003344
1.5,120,large,normal,120,Low Density,35.325,38.11206639263021,12.717,18.82413287039256,1.413,1.6150700589031695,-0.05917468619826426
1.5,120,large,normal,120,Medium Density,70.65,74.11368560901182,25.434,26.714505328362083,2.826,4.038605581257712,-0.05917468619826426
1.5,120,large,normal,120,High Density,141.3,142.19697576036756,50.868,55.99775368948995,5.652,8.44100970260692,-0.05917468619826426
1.5,135,small,low,135,Low Density,4.415625,4.880136274622978,1.589625,1.0116386640267405,0.176625,-0.047579277462264515,-0.11603263389741923
1.5,135,small,low,135,Medium Density,8.83125,8.050508934879165,3.17925,2.147198003516587,0.35325,0.54443210317576,-0.11603263389741923
1.5,135,small,low,135,High Density,17.6625,15.106582358423541,6.3585,3.8601124191233938,0.7065,0.9859269621173921,-0.11603263389741923
1.5,135,small,normal,135,Low Density,35.325,36.01547909512109,12.717,14.560272227093078,1.413,1.7903206255672754,-0.5669693665408803
1.5,135,small,normal,135,Medium Density,70.65,72.5423246877444,25.434,27.97132383119577,2.826,1.9589006939260907,-0.5669693665408803
1.5,135,small,normal,135,High Density,141.3,135.18598594342015,50.868,58.01285829133295,5.652,6.516674318650576,-0.5669693665408803
1.5,135,medium,low,135,Low Density,4.415625,3.3707662667979363,1.589625,0.6542529381421744,0.176625,0.1880514922777361,0.25195185792594665
1.5,135,medium,low,135,Medium Density,8.83125,7.743635158520714,3.17925,1.944969735093511,0.35325,0.177494485974885,0.25195185792594665
1.5,135,medium,low,135,High Density,17.6625,14.82402008767067,6.3585,5.451351868914315,0.7065,0.35063615850380064,0.25195185792594665
1.5,135,medium,normal,135,Low Density,35.325,39.02406717711588,12.717,15.684135634250033,1.413,1.1393994685490227,-0.38467384587080644
1.5,135,medium,normal,135,Medium Density,70.65,71.76383136327318,25.434,26.3559726877696,2.826,2.7878581951627277,-0.38467384587080644
1.5,135,medium,normal,135,High Density,141.3,144.28222531718544,50.868,53.9519090479269,5.652,5.620816580371524,-0.38467384587080644
1.5,135,large,low,135,Low Density,4.415625,4.5624655226478295,1.589625,1.5590190298810231,0.176625,0.5475996071014422,-0.004442347361449452
1.5,135,large,low,135,Medium Density,8.83125,9.595581588344837,3.17925,4.366690982884787,0.35325,0.6083691378705263,-0.004442347361449452
1.5,135,large,low,135,High Density,17.6625,17.695754728413487,6.3585,6.002747577247715,0.7065,0.7100241691376965,-0.004442347361449452
1.5,135,large,normal,135,Low Density,35.325,36.16481944235042,12.717,12.496911285634281,1.413,1.417092373313867,-0.6522981706733968
1.5,135,large,normal,135,Medium Density,70.65,65.58361614081127,25.434,24.51117218696359,2.826,3.6411921132961007,-0.6522981706733968
1.5,135,large,normal,135,High Density,141.3,135.32399256067526,50.868,48.82784821188854,5.652,5.221779613342374,-0.6522981706733968
2.0,80,small,low,80,Low Density,4.415625,3.6188422073255624,1.589625,1.7125861813295715,0.176625,-0.020375905725129068,0.27400238305941155
2.0,80,small,low,80,Medium Density,8.83125,9.127443799477492,3.17925,3.9342997737392404,0.35325,0.8825168279198655,0.27400238305941155
2.0,80,small,low,80,High Density,17.6625,17.026193742940933,6.3585,7.037691369342827,0.7065,-0.04020560522390657,0.27400238305941155
2.0,80,small,normal,80,Low Density,35.325,39.403134810379065,12.717,15.421318295846447,1.413,2.1189534060000597,-0.3023612349173142
2.0,80,small,normal,80,Medium Density,70.65,66.47462599869287,25.434,33.53040862429399,2.826,2.6165561316937715,-0.3023612349173142
2.0,80,small,normal,80,High Density,141.3,149.6933429283211,50.868,51.69198813901099,5.652,6.067500231149966,-0.3023612349173142
2.0,80,medium,low,80,Low Density,4.415625,4.275664702287152,1.589625,2.180789240290332,0.176625,-0.0425435405866215,0.29701333457587265
2.0,80,medium,low,80,Medium Density,8.83125,9.971497091513125,3.17925,3.2030571772445287,0.35325,0.8979275998129428,0.29701333457587265
2.0,80,medium,low,80,High Density,17.6625,16.349748949388268,6.3585,6.491894236530515,0.7065,1.068158035229069,0.29701333457587265
2.0,80,medium,normal,80,Low Density,35.325,36.94268905350864,12.717,13.83843193309864,1.413,2.423669369041214,-0.43245608897924337
2.0,80,medium,normal,80,Medium Density,70.65,73.6061430878622,25.434,26.092176022801993,2.826,2.280927570861467,-0.43245608897924337
2.0,80,medium,normal,80,High Density,141.3,140.21326866033996,50.868,55.083999426338245,5.652,3.6940990144807255,-0.43245608897924337
2.0,80,large,low,80,Low Density,4.415625,5.2879549047234296,1.589625,0.9077839673901335,0.176625,-0.018326655285791048,0.5415099637180254
2.0,80,large,low,80,Medium Density,8.83125,7.3553382889492385,3.17925,2.6553059950556746,0.35325,0.4149771087170209,0.5415099637180254
2.0,80,large,low,80,High Density,17.6625,18.536383685168754,6.3585,3.5959096866891826,0.7065,-0.14890296431342934,0.5415099637180254
2.0,80,large,normal,80,Low Density,35.325,33.480787334632446,12.717,10.076199498265309,1.413,1.638294078320874,0.9237650153684573
2.0,80,large,normal,80,Medium Density,70.65,76.04438482078827,25.434,25.629750935368705,2.826,4.182172757203451,0.9237650153684573
2.0,80,large,normal,80,High Density,141.3,142.270405651332,50.868,59.36131156262643,5.652,8.132496150266412,0.9237650153684573
2.0,100,small,low,100,Low Density,4.415625,1.8103730215986085,1.589625,1.4083723065192995,0.176625,0.33838183159519497,-0.24219685575437674
2.0,100,small,low,100,Medium Density,8.83125,7.9064313588093915,3.17925,3.7225986482985842,0.35325,0.36132738573999656,-0.24219685575437674
2.0,100,small,low,100,High Density,17.6625,17.736862769336565,6.3585,5.891340140880681,0.7065,1.5041084792723745,-0.24219685575437674
2.0,100,small,normal,100,Low Density,35.325,43.08386182341062,12.717,11.247106215653666,1.413,2.387035801027597,-0.1757474801112099
2.0,100,small,normal,100,Medium Density,70.65,73.75735144003504,25.434,26.132540289923874,2.826,2.391484758346243,-0.1757474801112099
2.0,100,small,normal,100,High Density,141.3,151.57079778528833,50.868,53.531110879551264,5.652,4.196536622675895,-0.1757474801112099
2.0,100,medium,low,100,Low Density,4.415625,3.8129107982561288,1.589625,1.6545866181845519,0.176625,0.7624273790908922,0.2848751563698649
2.0,100,medium,low,100,Medium Density,8.83125,7.853407575135228,3.17925,1.9896864714841844,0.35325,0.39282000238418036,0.2848751563698649
2.0,100,medium,low,100,High Density,17.6625,16.256280149865486,6.3585,7.655549558337433,0.7065,0.32802089395296563,0.2848751563698649
2.0,100,medium,normal,100,Low Density,35.325,44.27957504070669,12.717,15.371486055687507,1.413,1.5878502420506044,-0.026120304685909937
2.0,100,medium,normal,100,Medium Density,70.65,68.94333939748597,25.434,25.91364892216062,2.826,4.472610757962496,-0.026120304685909937
2.0,100,medium,normal,100,High Density,141.3,157.79368556410864,50.868,45.49923408137528,5.652,6.5325519766051094,-0.026120304685909937
2.0,100,large,low,100,Low Density,4.415625,3.7607636159427815,1.589625,1.5035787059144319,0.176625,-0.18882923657905387,-0.44689135565969745
2.0,100,large,low,100,Medium Density,8.83125,8.82032516335467,3.17925,2.4103690039634014,0.35325,0.09377895466974212,-0.44689135565969745
2.0,100,large,low,100,High Density,17.6625,17.349997463205607,6.3585,6.3597937339357955,0.7065,1.2294891708303564,-0.44689135565969745
2.0,100,large,normal,100,Low Density,35.325,38.029377342133614,12.717,10.918781437759856,1.413,2.257775119000715,-0.954205664813356
2.0,100,large,normal,100,Medium Density,70.65,69.07221098906895,25.434,25.7368537282795,2.826,4.163921044226345,-0.954205664813356
2.0,100,large,normal,100,High Density,141.3,141.92548789238737,50.868,48.458580747856026,5.652,4.550332020782743,-0.954205664813356
2.0,120,small,low,120,Low Density,4.415625,2.8183646839739205,1.589625,0.8203659399223714,0.176625,-0.0717744728032385,-0.37436038070409916
2.0,120,small,low,120,Medium Density,8.83125,8.715500371500115,3.17925,2.684171473889416,0.35325,0.5333743816584546,-0.37436038070409916
2.0,120,small,low,120,High Density,17.6625,17.86801655410741,6.3585,7.309360413231673,0.7065,0.08535406808338156,-0.37436038070409916
2.0,120,small,normal,120,Low Density,35.325,35.53849954738224,12.717,16.82343346119657,1.413,1.2607920893033189,-0.35243222822262976
2.0,120,small,normal,120,Medium Density,70.65,75.02324527115742,25.434,26.95017215959165,2.826,2.7717607651393963,-0.35243222822262976
2.0,120,small,normal,120,High Density,141.3,148.61876205025578,50.868,51.33818921073032,5.652,4.322621548620691,-0.35243222822262976
2.0,120,medium,low,120,Low Density,4.415625,3.5698505955840005,1.589625,0.9168792254629408,0.176625,0.21533656604997403,0.0467921922636583
2.0,120,medium,low,120,Medium Density,8.83125,9.64404742637311,3.17925,1.7185045085387665,0.35325,0.03106730228073894,0.0467921922636583
2.0,120,medium,low,120,High Density,17.6625,16.250265415846297,6.3585,6.358251072719663,0.7065,0.8502558866496508,0.0467921922636583
2.0,120,medium,normal,120,Low Density,35.325,36.54145170604073,12.717,14.625492825947127,1.413,0.5538646210814857,-0.06836453310874553
2.0,120,medium,normal,120,Medium Density,70.65,76.91790872024133,25.434,22.349027291273003,2.826,2.3095729893242707,-0.06836453310874553
2.0,120,medium,normal,120,High Density,141.3,146.84352595829435,50.868,60.01621628975866,5.652,5.130773000877891,-0.06836453310874553
2.0,120,large,low,120,Low Density,4.415625,4.418866350461641,1.589625,1.4990775254061177,0.176625,0.6865168145779805,-0.33022155565145805
2.0,120,large,low,120,Medium Density,8.83125,8.913876649403463,3.17925,3.8661916581920104,0.35325,-0.3050299529738123,-0.33022155565145805
2.0,120,large,low,120,High Density,17.6625,17.222880304872433,6.3585,5.040601577981667,0.7065,0.4250991372556767,-0.33022155565145805
2.0,120,large,normal,120,Low Density,35.325,33.27593047675046,12.717,13.37792380779453,1.413,1.9426856877673018,-0.05057462965685838
2.0,120,large,normal,120,Medium Density,70.65,67.19070867781325,25.434,24.07565759766469,2.826,2.9962126885493268,-0.05057462965685838
2.0,120,large,normal,120,High Density,141.3,137.35993165073123,50.868,52.528444693286694,5.652,6.404694388054037,-0.05057462965685838
2.0,135,small,low,135,Low Density,4.415625,4.4986493778696275,1.589625,0.4133348766593451,0.176625,0.029423782112126796,-0.12558373707207882
2.0,135,small,low,135,Medium Density,8.83125,6.971120007050887,3.17925,2.383193152922727,0.35325,1.1886239766784195,-0.12558373707207882
2.0,135,small,low,135,High Density,17.6625,14.896676069003085,6.3585,4.779380902891541,0.7065,1.1094409116606154,-0.12558373707207882
2.0,135,small,normal,135,Low Density,35.325,33.459897230898456,12.717,19.53472184639751,1.413,2.2181476611336715,-0.6541785328902139
2.0,135,small,normal,135,Medium Density,70.65,58.13961335284394,25.434,22.786847436108978,2.826,1.9358801037359594,-0.6541785328902139
2.0,135,small,normal,135,High Density,141.3,139.77374603894154,50.868,45.37900796751563,5.652,3.1104896074652455,-0.6541785328902139
2.0,135,medium,low,135,Low Density,4.415625,4.030306841457029,1.589625,1.1583153859592752,0.176625,0.3185299731374424,0.26055994605809907
2.0,135,medium,low,135,Medium Density,8.83125,6.604133653904945,3.17925,1.6561377848338799,0.35325,0.09240893391115211,0.26055994605809907
2.0,135,medium,low,135,High Density,17.6625,16.107574794264526,6.3585,4.852655403763537,0.7065,0.3487347424382873,0.26055994605809907
2.0,135,medium,normal,135,Low Density,35.325,38.12364807759561,12.717,11.846050794038801,1.413,0.479662586695709,-0.36074207936616687
2.0,135,medium,normal,135,Medium Density,70.65,66.87850702479105,25.434,22.77118006935825,2.826,2.416176999014706,-0.36074207936616687
2.0,135,medium,normal,135,High Density,141.3,136.3865474670095,50.868,49.60689539621847,5.652,4.567911088683107,-0.36074207936616687
2.0,135,large,low,135,Low Density,4.415625,5.649788749443425,1.589625,1.8770154115540998,0.176625,-0.19417749471753776,-0.005570422325921077
2.0,135,large,low,135,Medium Density,8.83125,13.254548940282186,3.17925,5.5186577987523915,0.35325,1.5121330844283347,-0.005570422325921077
2.0,135,large,low,135,High Density,17.6625,22.425524663447987,6.3585,8.08780340231108,0.7065,1.2880154990368216,-0.005570422325921077
2.0,135,large,normal,135,Low Density,35.325,37.86598795479089,12.717,15.368193324573745,1.413,1.6571774081911983,-0.5987160562925571
2.0,135,large,normal,135,Medium Density,70.65,66.1759253025488,25.434,22.29900052055122,2.826,4.97546057726909,-0.5987160562925571
2.0,135,large,normal,135,High Density,141.3,132.3183623182443,50.868,51.07734802673059,5.652,6.266930498104681,-0.5987160562925571
